1495185295944,333,2,-0.140438272728,0.562919523428,-0.814492910772,5.954478483697256,0.2568149018989416,0.08871852165024216,nan
1495185295944,333,3,-0.672699070946,0.511384684555,-0.534753835285,3.6217456574161435,0.08111126029698808,0.0069344360476538,nan
1495185296018,333,2,-0.0663276667789,0.570135097119,-0.818869105323,5.967890441169902,0.25619180305423156,0.08824316104648408,nan
1495185296018,333,3,-0.658994756799,0.484136201445,-0.575619708628,3.7544040511734194,0.08112239552328153,0.006936541648451194,nan
1495185296121,333,2,0.124366680518,0.632645436898,-0.764390397604,5.6565268623020355,0.2550416755849665,0.08736940478654937,nan
1495185296121,333,3,-0.693131022538,0.450232139495,-0.562903549608,3.7148883841547105,0.08143956241196286,0.006996662990298047,nan
1495185296283,333,2,-0.00576552726597,0.549707991051,-0.83533698785,6.029164429679069,0.2566256916116058,0.08857402565187927,nan
1495185296283,333,3,-0.551700761662,0.612474621736,-0.566128172158,3.727991132879425,0.08096981692202326,0.006907720474499665,nan
1495185296407,333,2,-0.188027549982,0.488399045375,-0.852122064568,6.098185204361892,0.25541532172499287,0.0876527428482298,nan
1495185296407,333,3,-0.386848064887,0.761286758424,-0.520375870061,3.576512863894044,0.0814171134766884,0.006992398279198645,nan
1495185296499,333,2,0.141291919572,0.312861794843,-0.939230584463,6.415025201530064,0.2543983936263493,0.08688277748430456,nan
1495185296499,333,3,-0.475757840739,0.667794120747,-0.572455665769,3.760020553829125,0.08137734928252909,0.006984847617682277,nan
1495185296619,333,2,0.0940636801725,0.520204522732,-0.848845850907,6.0633763656156106,0.255621013720844,0.08780893480700827,nan
1495185296619,333,3,-0.696802905486,0.484136508455,-0.529223536974,3.6028759543259365,0.08121869606612682,0.006954766083767269,nan
1495185296732,333,2,-0.00867374847526,0.45688864052,-0.889481610969,6.244549630273077,0.2563151206345685,0.08833712868729608,nan
1495185296733,333,3,-0.58857373602,0.578955839585,-0.564261546694,3.7293006355807314,0.08130201031866678,0.006970554061843526,nan
1495185296870,333,2,0.110970263074,0.203064093471,-0.972856913763,6.554033235832464,0.256386801765194,0.08839177468325983,nan
1495185296870,333,3,-0.517681746108,0.674545069358,-0.526302725768,3.5936634829058516,0.08086910021698929,0.006888731713837814,nan
1495185296961,333,2,-0.176464114941,0.126451492362,-0.976150826572,6.5588673776694115,0.25556053880033663,0.08776299744122466,nan
1495185296961,333,3,-0.347413949742,0.800662396988,-0.488101704129,3.4485663268881597,0.08125017200561913,0.006960728441696658,nan
1495185297136,333,2,-0.185123230897,0.687816626717,-0.701881526608,5.458182832441765,0.2546770658997717,0.08709340354065995,nan
1495185297137,333,3,-0.664142541633,0.514093355012,-0.542791586823,3.656074831142271,0.08152744111653218,0.007013371352268126,nan
1495185297255,333,2,-0.128653822292,0.542462932572,-0.830169958981,6.015333235166955,0.25593552917014856,0.088048056313383,nan
1495185297256,333,3,-0.382075449649,0.745513366917,-0.5461027106,3.667039086884469,0.0812176811360721,0.006954573876318865,nan
1495185297350,333,2,-0.227757583186,0.544956893927,-0.806937709531,5.928950178258833,0.2588184141880418,0.09025648432148532,nan
1495185297350,333,3,-0.603923618992,0.530394964898,-0.594943227237,3.825583723231516,0.08134577067867273,0.006978854468488628,nan
1495185297431,333,2,-0.0411420904337,0.515073634837,-0.856157975546,6.115816871358561,0.2558749228101611,0.08800195047093634,nan
1495185297431,333,3,-0.247163635374,0.849191044292,-0.466674091463,3.3487407421446553,0.08115278051532886,0.006942289039790221,nan
1495185297533,333,2,0.0491797623013,0.519801928505,-0.85287004057,6.0663676655881105,0.25265445987983537,0.08557101948579109,nan
1495185297533,333,3,-0.49602077708,0.69219676833,-0.52423947068,3.59211761382766,0.08135188067506854,0.006980013835002988,nan
1495185297663,333,2,-0.0543611055763,0.589728929463,-0.805769607242,5.9059588669053165,0.2550389780436573,0.08736736105232142,nan
1495185297664,333,3,-0.549037933348,0.658766509622,-0.514377326042,3.5595832324318053,0.0813243932140972,0.006974798943458302,nan
1495185297753,333,2,-0.102804441154,0.568159669126,-0.81647157774,5.960547165937762,0.25637591121285624,0.08838347109526308,nan
1495185297753,333,3,-0.435492958989,0.734701504541,-0.520153421498,3.577685191303695,0.08138550274356249,0.006986395481077507,nan
1495185297842,333,2,0.274863447202,0.374399946101,-0.885592889398,6.202194057435667,0.255713128552171,0.08787893147910084,nan
1495185297842,333,3,-0.535100677331,0.649146820827,-0.540625258503,3.650624323186086,0.08131218277153571,0.006972483076347123,nan
1495185297982,333,2,0.187250745211,0.563764714435,-0.804429304026,5.838954519143004,0.25568061074295095,0.08785421819648483,nan
1495185297982,333,3,-0.474964704188,0.716811756287,-0.510479613525,3.546316542367181,0.08146304553542162,0.007001125694673518,nan
1495185298071,333,2,-0.0580813135803,0.532588979116,-0.844378789606,6.059923041724774,0.25423198522980894,0.08675713592614923,nan
1495185298071,333,3,-0.583045773825,0.59867595489,-0.549221928423,3.6813165813304907,0.08145487589382701,0.006999572969035887,nan
1495185298176,333,2,-0.00834990039439,0.504032104808,-0.863644554482,6.144833492924724,0.25612565372234347,0.08819277802312643,nan
1495185298176,333,3,-0.425576869866,0.732719580442,-0.531042695338,3.6151830213698397,0.08121869606612682,0.006954766083767269,nan
1495185298246,333,2,-0.00378473424915,0.424382176486,-0.905475258672,6.2978167498953015,0.25518651759554095,0.0874791796841952,nan
1495185298246,333,3,-0.422511546431,0.75047540639,-0.508203362382,3.5284979692988827,0.08113353393477744,0.00693864820191775,nan
1495185298329,333,2,0.142636379861,0.523655862974,-0.839904399508,5.996570510354168,0.2537214379884557,0.08637228439267979,nan
1495185298329,333,3,-0.435983583027,0.725025737137,-0.533156633477,3.6207453029146515,0.08129082368098553,0.0069684330638450165,nan
1495185298456,333,2,-0.074491930683,0.598049433059,-0.797989867029,5.869698433181216,0.2542793830781771,0.08679291207321624,nan
1495185298456,333,3,-0.596817002399,0.56035115463,-0.574296133674,3.7580911589817063,0.08112037069980506,0.006936158741099219,nan
1495185298522,28486,28479,nan,nan,nan,4.822,0.13626487399999998,0.000992334,-85.0
1495185298567,333,2,0.169180795125,0.520691070985,-0.83681459545,6.004911550409021,0.2572150539978297,0.08902453462847257,nan
1495185298567,333,3,-0.433655392064,0.717367327073,-0.545277102932,3.6594741044637025,0.08102936249785372,0.006918960451501868,nan
1495185298535,28486,28459,nan,nan,nan,7.352,0.11594138399999998,0.0013642440000000001,-86.0
1495185298548,28486,28435,nan,nan,nan,8.318,0.108181506,0.0015062459999999997,-87.0
1495185298560,28486,28457,nan,nan,nan,2.729,0.153077943,0.0006846630000000001,-79.0
1495185298610,28486,28479,nan,nan,nan,4.7940000000000005,0.136489798,0.000988218,-85.0
1495185298661,333,2,0.0434092045868,0.542941727052,-0.838647674523,6.010279228223864,0.25291292892595196,0.08576474563322446,nan
1495185298661,333,3,-0.491237801096,0.66683655465,-0.560369906541,3.7167199110074978,0.08119738808106888,0.006950731388470667,nan
1495185298623,28486,28459,nan,nan,nan,7.367,0.11582088899999998,0.001366449,-86.0
1495185298635,28486,28435,nan,nan,nan,8.304,0.10829396799999999,0.001504188,-87.0
1495185298648,28486,28457,nan,nan,nan,2.757,0.15285301899999998,0.000688779,-79.0
1495185298701,28486,28479,nan,nan,nan,4.822,0.13626487399999998,0.000992334,-85.0
1495185298713,28486,28459,nan,nan,nan,7.362,0.11586105399999999,0.001365714,-86.0
1495185298726,28486,28435,nan,nan,nan,8.285,0.10844659499999999,0.001501395,-88.0
1495185298738,28486,28457,nan,nan,nan,2.7760000000000002,0.152700392,0.0006915720000000001,-79.0
1495185298787,333,2,0.0326666852098,0.560586075865,-0.827451593282,5.9843927450008545,0.2563069566746382,0.08833090607977866,nan
1495185298787,333,3,-0.426096870894,0.735753219172,-0.526411110343,3.6022236250527895,0.08144262462885925,0.006997244841905661,nan
1495185298789,28486,28479,nan,nan,nan,4.775,0.13664242499999998,0.000985425,-85.0
1495185298802,28486,28459,nan,nan,nan,7.376,0.11574859199999998,0.0013677720000000002,-86.0
1495185298815,28486,28435,nan,nan,nan,8.337,0.108028879,0.0015090389999999998,-88.0
1495185298827,28486,28457,nan,nan,nan,2.743,0.152965481,0.000686721,-79.0
1495185298901,333,2,0.114860658937,0.423490577078,-0.898589316737,6.272482022040893,0.25703170438187817,0.08888424788591354,nan
1495185298901,333,3,-0.554986989191,0.594225580073,-0.58213864484,3.7878876918431734,0.08125728299232003,0.006962075834326588,nan
1495185298878,28486,28479,nan,nan,nan,4.799,0.136449633,0.0009889529999999999,-85.0
1495185298891,28486,28459,nan,nan,nan,7.357,0.11590121899999999,0.001364979,-85.0
1495185298904,28486,28435,nan,nan,nan,8.309000000000001,0.10825380299999998,0.001504923,-88.0
1495185298916,28486,28457,nan,nan,nan,2.748,0.15292531599999998,0.000687456,-79.0
1495185298967,28486,28479,nan,nan,nan,4.817,0.136305039,0.0009915990000000001,-85.0
1495185298980,28486,28459,nan,nan,nan,7.352,0.11594138399999998,0.0013642440000000001,-86.0
1495185298993,28486,28435,nan,nan,nan,8.295,0.10836626499999999,0.001502865,-88.0
1495185299006,28486,28457,nan,nan,nan,2.79,0.15258792999999998,0.00069363,-79.0
1495185299043,333,2,0.08021300642,0.521688453128,-0.849356834007,6.073074674269875,0.25690231278988446,0.08878531912416639,nan
1495185299043,333,3,-0.480673426716,0.66445077041,-0.572239661812,3.759096198624461,0.08138754137459141,0.006986782526743955,nan
1495185299056,28486,28479,nan,nan,nan,4.836,0.136152412,0.000994392,-84.0
1495185299069,28486,28459,nan,nan,nan,7.338,0.11605384599999999,0.001362186,-86.0
1495185299082,28486,28435,nan,nan,nan,8.304,0.10829396799999999,0.001504188,-87.0
1495185299094,28486,28457,nan,nan,nan,2.7760000000000002,0.152700392,0.0006915720000000001,-79.0
1495185299128,333,2,0.050594385445,0.668975273988,-0.741560712926,5.575558262614041,0.25427580533735766,0.08679021129353127,nan
1495185299128,333,3,-0.409185167742,0.766046035076,-0.495722675135,3.482817807087164,0.08123493854040693,0.006957842479421219,nan
1495185299145,28486,28479,nan,nan,nan,4.799,0.136449633,0.0009889529999999999,-85.0
1495185299158,28486,28459,nan,nan,nan,7.390000000000001,0.11563612999999998,0.0013698300000000003,-86.0
1495185299171,28486,28435,nan,nan,nan,8.295,0.10836626499999999,0.001502865,-87.0
1495185299183,28486,28457,nan,nan,nan,2.767,0.152772689,0.000690249,-79.0
1495185299247,333,2,0.101267643562,0.316221379604,-0.943265022912,6.4451065421508975,0.25645034626693075,0.08844023321432351,nan
1495185299247,333,3,-0.375897175439,0.758596596728,-0.532195938476,3.6163496580660075,0.08136206612620961,0.00698194675005905,nan
1495185299233,28486,28479,nan,nan,nan,4.836,0.136152412,0.000994392,-85.0
1495185299246,28486,28459,nan,nan,nan,7.362,0.11586105399999999,0.001365714,-86.0
1495185299258,28486,28435,nan,nan,nan,8.327,0.10810920899999998,0.0015075689999999998,-87.0
1495185299271,28486,28457,nan,nan,nan,2.72,0.15315024,0.0006833399999999999,-80.0
1495185299344,333,2,0.131207681503,0.631601409806,-0.76411007286,5.657444053878313,0.25603780330764764,0.08812589061274223,nan
1495185299344,333,3,-0.495634499228,0.651293737373,-0.574598042838,3.761583961887448,0.08101623444920668,0.006916481506745535,nan
1495185299320,28486,28479,nan,nan,nan,4.813,0.13633717099999998,0.000991011,-85.0
1495185299333,28486,28459,nan,nan,nan,7.324,0.116166308,0.001360128,-86.0
1495185299346,28486,28435,nan,nan,nan,8.327,0.10810920899999998,0.0015075689999999998,-88.0
1495185299358,28486,28457,nan,nan,nan,2.734,0.15303777799999999,0.000685398,-79.0
1495185299408,28486,28479,nan,nan,nan,4.775,0.13664242499999998,0.000985425,-84.0
1495185299421,28486,28459,nan,nan,nan,7.381,0.11570842699999999,0.0013685070000000001,-86.0
1495185299461,333,2,0.262515125866,0.585864848212,-0.766712585211,5.638361617417557,0.2573017921174636,0.08909094301385026,nan
1495185299461,333,3,-0.446030772945,0.722459339237,-0.528307725417,3.6089452167655853,0.081448749781813,0.006998408761307748,nan
1495185299433,28486,28435,nan,nan,nan,8.252,0.10871168399999998,0.0014965440000000003,-88.0
1495185299446,28486,28457,nan,nan,nan,2.743,0.152965481,0.000686721,-80.0
1495185299497,28486,28479,nan,nan,nan,4.817,0.136305039,0.0009915990000000001,-85.0
1495185299510,28486,28459,nan,nan,nan,7.338,0.11605384599999999,0.001362186,-86.0
1495185299522,28486,28435,nan,nan,nan,8.290000000000001,0.10840642999999998,0.00150213,-86.0
1495185299535,28486,28457,nan,nan,nan,2.7760000000000002,0.152700392,0.0006915720000000001,-79.0
1495185299608,333,2,-0.0930857269791,0.611337384291,-0.785876357961,5.830745811447625,0.25614830420768836,0.08821002812226039,nan
1495185299608,333,3,-0.528407367969,0.657846473029,-0.536678368671,3.6349486381002962,0.08127659077718685,0.006965735001824477,nan
1495185299586,28486,28479,nan,nan,nan,4.813,0.13633717099999998,0.000991011,-84.0
1495185299599,28486,28459,nan,nan,nan,7.348,0.115973516,0.001363656,-86.0
1495185299611,28486,28435,nan,nan,nan,8.313,0.10822167099999998,0.0015055110000000002,-87.0
1495185299624,28486,28457,nan,nan,nan,2.786,0.152620062,0.000693042,-79.0
1495185299702,333,2,-0.0340330275681,0.635775278446,-0.771123562311,5.744389966601492,0.25356827100554696,0.08625700958094334,nan
1495185299703,333,3,-0.485267006946,0.697962095481,-0.5266543888,3.6032864666495468,0.08142425492221328,0.006993754812733045,nan
1495185299703,333,20,-0.398839099853,-0.916322021246,-0.0357956115684,0.780573618646601,1.5589083541499347,4.7880352499535865,nan
1495185299675,28486,28479,nan,nan,nan,4.799,0.136449633,0.0009889529999999999,-85.0
1495185299688,28486,28459,nan,nan,nan,7.3340000000000005,0.11608597799999998,0.0013615979999999999,-86.0
1495185299700,28486,28435,nan,nan,nan,8.290000000000001,0.10840642999999998,0.00150213,-87.0
1495185299713,28486,28457,nan,nan,nan,2.781,0.15266022699999998,0.0006923070000000001,-80.0
1495185299763,28486,28479,nan,nan,nan,4.822,0.13626487399999998,0.000992334,-84.0
1495185299775,28486,28459,nan,nan,nan,7.343,0.11601368099999998,0.001362921,-87.0
1495185299788,28486,28435,nan,nan,nan,8.290000000000001,0.10840642999999998,0.00150213,-87.0
1495185299800,28486,28457,nan,nan,nan,2.739,0.15299761299999998,0.000686133,-79.0
1495185299854,333,2,-0.162916887021,0.605022955701,-0.779362118016,5.798523252694142,0.25496436604765105,0.08731084325673369,nan
1495185299854,333,3,-0.473538970738,0.699716542435,-0.534937008848,3.626105128586938,0.08113555944281761,0.006939031314035367,nan
1495185299850,28486,28479,nan,nan,nan,4.808,0.136377336,0.000990276,-85.0
1495185299863,28486,28459,nan,nan,nan,7.352,0.11594138399999998,0.0013642440000000001,-86.0
1495185299875,28486,28435,nan,nan,nan,8.276,0.10851889199999999,0.0015000719999999999,-87.0
1495185299888,28486,28457,nan,nan,nan,2.809,0.152435303,0.000696423,-79.0
1495185299942,333,2,0.280468168123,0.343445799127,-0.896316121539,6.237789186122782,0.25412115311774647,0.0866735107991523,nan
1495185299943,333,3,-0.395999209938,0.743880357533,-0.538355495379,3.636947461092764,0.08103946401362795,0.006920868233050046,nan
1495185299939,28486,28479,nan,nan,nan,4.827,0.136224709,0.000993069,-85.0
1495185299952,28486,28459,nan,nan,nan,7.338,0.11605384599999999,0.001362186,-86.0
1495185299964,28486,28435,nan,nan,nan,8.295,0.10836626499999999,0.001502865,-87.0
1495185299977,28486,28457,nan,nan,nan,2.725,0.15311007499999998,0.000684075,-79.0
1495185300063,333,2,0.215168829476,0.52569660474,-0.82300999665,5.913569907716861,0.25459995147106773,0.08703509095848751,nan
1495185300065,333,3,-0.524684932853,0.626938212079,-0.575894260669,3.766085755511287,0.08109506928750206,0.006931375055072718,nan
1495185300027,28486,28479,nan,nan,nan,4.8500000000000005,0.13603995,0.00099645,-85.0
1495185300039,28486,28459,nan,nan,nan,7.329,0.11612614299999999,0.001360863,-87.0
1495185300052,28486,28435,nan,nan,nan,8.342,0.10798871399999999,0.0015097740000000002,-87.0
1495185300064,28486,28457,nan,nan,nan,2.734,0.15303777799999999,0.000685398,-79.0
1495185300116,28486,28479,nan,nan,nan,4.799,0.136449633,0.0009889529999999999,-85.0
1495185300128,28486,28459,nan,nan,nan,7.343,0.11601368099999998,0.001362921,-86.0
1495185300141,28486,28435,nan,nan,nan,8.304,0.10829396799999999,0.001504188,-85.0
1495185300153,28486,28457,nan,nan,nan,2.786,0.152620062,0.000693042,-79.0
1495185300185,333,2,0.0571144793371,0.591831919534,-0.80403539429,5.881831557433667,0.2569114211107965,0.08879228108652334,nan
1495185300185,333,3,-0.527186544131,0.640718640743,-0.558170199036,3.7055057415156436,0.08099402784564402,0.006912289383343023,nan
1495185300205,28486,28479,nan,nan,nan,4.771,0.13667455699999997,0.0009848370000000001,-84.0
1495185300217,28486,28459,nan,nan,nan,7.385,0.11567629499999998,0.0013690949999999999,-86.0
1495185300230,28486,28435,nan,nan,nan,8.290000000000001,0.10840642999999998,0.00150213,-87.0
1495185300261,333,2,0.108951237985,0.648245739145,-0.753596104968,5.623929553954185,0.2568731699925095,0.08876304578095678,nan
1495185300261,333,3,-0.475545457584,0.698792927703,-0.534364072486,3.623656954008813,0.0810758512073581,0.006927742740361474,nan
1495185300242,28486,28457,nan,nan,nan,2.743,0.152965481,0.000686721,-79.0
1495185300292,28486,28479,nan,nan,nan,4.789,0.13652996299999998,0.000987483,-85.0
1495185300305,28486,28459,nan,nan,nan,7.3340000000000005,0.11608597799999998,0.0013615979999999999,-87.0
1495185300317,28486,28435,nan,nan,nan,8.290000000000001,0.10840642999999998,0.00150213,-87.0
1495185300330,28486,28457,nan,nan,nan,2.748,0.15292531599999998,0.000687456,-79.0
1495185300382,333,2,-0.00165727152992,0.699621231785,-0.714511991143,5.4787342731748385,0.25518471742474513,0.08747781488202146,nan
1495185300382,333,3,-0.483109653397,0.642302486109,-0.595023175291,3.8329189025505874,0.08111935832755032,0.006935967299232126,nan
1495185300381,28486,28479,nan,nan,nan,4.827,0.136224709,0.000993069,-84.0
1495185300394,28486,28459,nan,nan,nan,7.348,0.115973516,0.001363656,-86.0
1495185300406,28486,28435,nan,nan,nan,8.323,0.10814134099999999,0.0015069810000000001,-86.0
1495185300419,28486,28457,nan,nan,nan,2.7760000000000002,0.152700392,0.0006915720000000001,-79.0
1495185300496,333,2,-0.0350749996686,0.751861288118,-0.658387688089,5.220801198604803,0.2568922942951233,0.08877766181408321,nan
1495185300496,333,3,-0.456971004143,0.708193719612,-0.538181341998,3.6400039545720686,0.08126439527529443,0.006963423615487569,nan
1495185300470,28486,28479,nan,nan,nan,4.7940000000000005,0.136489798,0.000988218,-84.0
1495185300483,28486,28459,nan,nan,nan,7.367,0.11582088899999998,0.001366449,-85.0
1495185300495,28486,28435,nan,nan,nan,8.309000000000001,0.10825380299999998,0.001504923,-87.0
1495185300508,28486,28457,nan,nan,nan,2.753,0.152885151,0.000688191,-79.0
1495185300559,28486,28479,nan,nan,nan,4.775,0.13664242499999998,0.000985425,-85.0
1495185300603,333,2,0.214418411083,0.43047127228,-0.876766347855,6.160711914403888,0.2552684491004422,0.08754130852457802,nan
1495185300603,333,3,-0.333945051736,0.796533849547,-0.50399854062,3.506992187888502,0.08135391755289414,0.0069804003542519215,nan
1495185300572,28486,28459,nan,nan,nan,7.413,0.11545137099999998,0.001373211,-86.0
1495185300584,28486,28435,nan,nan,nan,8.323,0.10814134099999999,0.0015069810000000001,-87.0
1495185300598,28486,28457,nan,nan,nan,2.753,0.152885151,0.000688191,-80.0
1495185300648,28486,28479,nan,nan,nan,4.78,0.13660225999999998,0.00098616,-85.0
1495185300661,28486,28459,nan,nan,nan,7.352,0.11594138399999998,0.0013642440000000001,-86.0
1495185300673,28486,28435,nan,nan,nan,8.318,0.108181506,0.0015062459999999997,-87.0
1495185300721,28486,28457,nan,nan,nan,2.729,0.153077943,0.0006846630000000001,-79.0
1495185300767,333,2,0.111606675529,0.621284988284,-0.775595844052,5.717766865365829,0.25479999623254035,0.08718640555119338,nan
1495185300767,333,3,-0.523473328893,0.633108314295,-0.570218849486,3.751838469828083,0.08136919752204688,0.006983300264956607,nan
1495185300773,28486,28479,nan,nan,nan,4.799,0.136449633,0.0009889529999999999,-85.0
1495185300785,28486,28459,nan,nan,nan,7.371,0.11578875699999999,0.0013670370000000002,-86.0
1495185300798,28486,28435,nan,nan,nan,8.313,0.10822167099999998,0.0015055110000000002,-87.0
1495185300810,28486,28457,nan,nan,nan,2.767,0.152772689,0.000690249,-79.0
1495185300839,333,2,0.056817923586,0.53347787646,-0.843903477234,6.039631908013589,0.25451481486809,0.08697073699856904,nan
1495185300840,333,3,-0.692851837602,0.441782106189,-0.569899027708,3.7380608235189348,0.08151107664742523,0.007010258324429367,nan
1495185300861,28486,28479,nan,nan,nan,4.808,0.136377336,0.000990276,-84.0
1495185300874,28486,28459,nan,nan,nan,7.352,0.11594138399999998,0.0013642440000000001,-85.0
1495185300886,28486,28435,nan,nan,nan,8.332,0.10806904399999998,0.0015083040000000002,-85.0
1495185300899,28486,28457,nan,nan,nan,2.725,0.15311007499999998,0.000684075,-80.0
1495185300950,28486,28479,nan,nan,nan,4.7940000000000005,0.136489798,0.000988218,-84.0
1495185300963,28486,28459,nan,nan,nan,7.376,0.11574859199999998,0.0013677720000000002,-87.0
1495185300975,28486,28435,nan,nan,nan,8.318,0.108181506,0.0015062459999999997,-86.0
1495185300976,333,2,-0.106359432894,0.53074294549,-0.840832680649,6.056346874667326,0.25555331960278344,0.08775751454507752,nan
1495185300977,333,3,-0.509626049676,0.664494042878,-0.546561027215,3.6694949315739036,0.08125017200561913,0.006960728441696658,nan
1495185300988,28486,28457,nan,nan,nan,2.762,0.152812854,0.000689514,-80.0
1495185301041,28486,28479,nan,nan,nan,4.785,0.136562095,0.000986895,-85.0
1495185301053,28486,28459,nan,nan,nan,7.343,0.11601368099999998,0.001362921,-86.0
1495185301066,28486,28435,nan,nan,nan,8.337,0.108028879,0.0015090389999999998,-88.0
1495185301079,28486,28457,nan,nan,nan,2.734,0.15303777799999999,0.000685398,-80.0
1495185301090,333,2,0.0392394490799,0.650586664443,-0.758417601118,5.6754593301201215,0.2565230026047323,0.08849565818878534,nan
1495185301090,333,3,-0.445154422538,0.707548352691,-0.548828633271,3.674037236977403,0.08109001097784879,0.006930418907726972,nan
1495185301132,28486,28479,nan,nan,nan,4.808,0.136377336,0.000990276,-85.0
1495185301145,28486,28459,nan,nan,nan,7.357,0.11590121899999999,0.001364979,-86.0
1495185301158,28486,28435,nan,nan,nan,8.351,0.10791641699999999,0.0015110970000000003,-86.0
1495185301162,333,2,0.356324404246,0.394098831613,-0.847182996678,6.042729257191972,0.2561890839942594,0.08824108974796754,nan
1495185301162,333,3,-0.382788728133,0.759460381824,-0.526015891446,3.5926495664164944,0.08125423526788338,0.00696149833277554,nan
1495185301170,28486,28457,nan,nan,nan,2.781,0.15266022699999998,0.0006923070000000001,-80.0
1495185301222,28486,28479,nan,nan,nan,4.7940000000000005,0.136489798,0.000988218,-85.0
1495185301235,28486,28459,nan,nan,nan,7.371,0.11578875699999999,0.0013670370000000002,-86.0
1495185301247,28486,28435,nan,nan,nan,8.285,0.10844659499999999,0.001501395,-87.0
1495185301260,28486,28457,nan,nan,nan,2.7760000000000002,0.152700392,0.0006915720000000001,-79.0
1495185301258,333,2,0.0987914037832,0.621996998312,-0.776762507224,5.725014378615068,0.25418728458719136,0.08672340304815356,nan
1495185301258,333,3,-0.38500864215,0.764024323444,-0.517721139858,3.560392467614776,0.08111328464672973,0.00693481881332784,nan
1495185301312,28486,28479,nan,nan,nan,4.813,0.13633717099999998,0.000991011,-85.0
1495185301324,28486,28459,nan,nan,nan,7.343,0.11601368099999998,0.001362921,-87.0
1495185301337,28486,28435,nan,nan,nan,8.323,0.10814134099999999,0.0015069810000000001,-88.0
1495185301350,28486,28457,nan,nan,nan,2.739,0.15299761299999998,0.000686133,-79.0
1495185301365,333,2,0.265893022438,0.303816632219,-0.91487504863,6.328385051055866,0.25569506220107635,0.0878652007223796,nan
1495185301366,333,3,-0.524895184884,0.629185908169,-0.573245268491,3.7561690038020354,0.08104148463167835,0.006921249883415174,nan
1495185301400,28486,28479,nan,nan,nan,4.817,0.136305039,0.0009915990000000001,-85.0
1495185301412,28486,28459,nan,nan,nan,7.371,0.11578875699999999,0.0013670370000000002,-86.0
1495185301425,28486,28435,nan,nan,nan,8.313,0.10822167099999998,0.0015055110000000002,-87.0
1495185301438,28486,28457,nan,nan,nan,2.7720000000000002,0.15273252399999998,0.000690984,-79.0
1495185301444,333,2,-0.0193090363967,0.721609674255,-0.692030807938,5.3656623172607905,0.25301485158952924,0.08584120407253916,nan
1495185301445,333,3,-0.487155787772,0.667134238551,-0.563570001147,3.726792527759219,0.08115784698587537,0.006943247628054468,nan
1495185301492,28486,28479,nan,nan,nan,4.775,0.13664242499999998,0.000985425,-84.0
1495185301504,28486,28459,nan,nan,nan,7.367,0.11582088899999998,0.001366449,-87.0
1495185301517,28486,28435,nan,nan,nan,8.337,0.108028879,0.0015090389999999998,-87.0
1495185301529,28486,28457,nan,nan,nan,2.748,0.15292531599999998,0.000687456,-79.0
1495185301534,333,2,0.177307856177,0.50595091561,-0.84414192831,6.029645241461467,0.2562507285333592,0.08828805525647808,nan
1495185301534,333,3,-0.588355329104,0.569622887798,-0.573905717353,3.7547313884032807,0.08109203422282521,0.006930801343082593,nan
1495185301579,28486,28479,nan,nan,nan,4.785,0.136562095,0.000986895,-84.0
1495185301592,28486,28459,nan,nan,nan,7.352,0.11594138399999998,0.0013642440000000001,-86.0
1495185301605,28486,28435,nan,nan,nan,8.370000000000001,0.10776378999999998,0.00151389,-87.0
1495185301617,28486,28457,nan,nan,nan,2.739,0.15299761299999998,0.000686133,-79.0
1495185301646,333,2,-0.0342940571808,0.524745086447,-0.850568346397,6.078911821986973,0.2542543407601717,0.08677400899206844,nan
1495185301646,333,3,-0.365450929435,0.772696199636,-0.519024278086,3.565583843637431,0.08124610916651767,0.006959958677437807,nan
1495185301670,28486,28479,nan,nan,nan,4.7940000000000005,0.136489798,0.000988218,-84.0
1495185301683,28486,28459,nan,nan,nan,7.362,0.11586105399999999,0.001365714,-85.0
1495185301695,28486,28435,nan,nan,nan,8.323,0.10814134099999999,0.0015069810000000001,-88.0
1495185301708,28486,28457,nan,nan,nan,2.757,0.15285301899999998,0.000688779,-79.0
1495185301756,333,2,0.10643901167,0.399576703574,-0.910499420514,6.305506673372946,0.25455692879477115,0.0870025672615029,nan
1495185301756,333,3,-0.47094178216,0.666343349613,-0.578100664455,3.773138452008612,0.0810313825911042,0.0069193419451189404,nan
1495185301759,28486,28479,nan,nan,nan,4.822,0.13626487399999998,0.000992334,-84.0
1495185301771,28486,28459,nan,nan,nan,7.357,0.11590121899999999,0.001364979,-86.0
1495185301784,28486,28435,nan,nan,nan,8.332,0.10806904399999998,0.0015083040000000002,-85.0
1495185301797,28486,28457,nan,nan,nan,2.725,0.15311007499999998,0.000684075,-79.0
1495185301840,333,2,0.0603037273289,0.646969430331,-0.760127631841,5.655047500905461,0.2528659803051441,0.08572953915022327,nan
1495185301840,333,3,-0.375692834434,0.739737748186,-0.558249906461,3.7108745878461566,0.0810788850101967,0.006928316075165694,nan
1495185301849,28486,28479,nan,nan,nan,4.822,0.13626487399999998,0.000992334,-84.0
1495185301862,28486,28459,nan,nan,nan,7.338,0.11605384599999999,0.001362186,-86.0
1495185301874,28486,28435,nan,nan,nan,8.332,0.10806904399999998,0.0015083040000000002,-87.0
1495185301887,28486,28457,nan,nan,nan,2.7760000000000002,0.152700392,0.0006915720000000001,-79.0
1495185301941,28486,28479,nan,nan,nan,4.803,0.136417501,0.000989541,-84.0
1495185301953,28486,28459,nan,nan,nan,7.352,0.11594138399999998,0.0013642440000000001,-86.0
1495185301966,28486,28435,nan,nan,nan,8.318,0.108181506,0.0015062459999999997,-87.0
1495185301968,333,2,0.0486980971291,0.35740688547,-0.932678301213,6.403197259453253,0.255900247758695,0.08802121463007981,nan
1495185301968,333,3,-0.508610008338,0.66220965023,-0.550267424586,3.684867081041454,0.08137327318975078,0.00698407387749936,nan
1495185301979,28486,28457,nan,nan,nan,2.711,0.153222537,0.000682017,-79.0
1495185302035,333,2,-0.0667898958853,0.524934898575,-0.848517803034,6.078015911769914,0.25491404720349425,0.08727273857854943,nan
1495185302035,333,3,-0.578063342381,0.584224381945,-0.569670644966,3.744956758265202,0.08116291411537854,0.006944206413517817,nan
1495185302029,28486,28479,nan,nan,nan,4.808,0.136377336,0.000990276,-84.0
1495185302041,28486,28459,nan,nan,nan,7.367,0.11582088899999998,0.001366449,-86.0
1495185302054,28486,28435,nan,nan,nan,8.342,0.10798871399999999,0.0015097740000000002,-87.0
1495185302067,28486,28457,nan,nan,nan,2.781,0.15266022699999998,0.0006923070000000001,-79.0
1495185302119,28486,28479,nan,nan,nan,4.771,0.13667455699999997,0.0009848370000000001,-85.0
1495185302132,28486,28459,nan,nan,nan,7.362,0.11586105399999999,0.001365714,-87.0
1495185302144,28486,28435,nan,nan,nan,8.323,0.10814134099999999,0.0015069810000000001,-85.0
1495185302142,333,2,0.0267562386722,0.722427314499,-0.690928997045,5.343782676089525,0.256145585962725,0.08820795787056665,nan
1495185302142,333,3,-0.469286736755,0.696151158218,-0.543271132693,3.6580787403085786,0.08120347488855774,0.006951883802689488,nan
1495185302157,28486,28457,nan,nan,nan,2.734,0.15303777799999999,0.000685398,-80.0
1495185302207,28486,28479,nan,nan,nan,4.7940000000000005,0.136489798,0.000988218,-85.0
1495185302219,28486,28459,nan,nan,nan,7.371,0.11578875699999999,0.0013670370000000002,-86.0
1495185302232,28486,28435,nan,nan,nan,8.332,0.10806904399999998,0.0015083040000000002,-87.0
1495185302245,28486,28457,nan,nan,nan,2.729,0.153077943,0.0006846630000000001,-79.0
1495185302244,333,2,-0.0189204641261,0.479951932896,-0.877090735413,6.203680383023615,0.2574873108664996,0.08923307083325516,nan
1495185302244,333,3,-0.5641887543,0.607181103657,-0.559483830761,3.7145229886178415,0.08145385480854753,0.006999378914387976,nan
1495185302297,28486,28479,nan,nan,nan,4.785,0.136562095,0.000986895,-85.0
1495185302310,28486,28459,nan,nan,nan,7.385,0.11567629499999998,0.0013690949999999999,-86.0
1495185302323,28486,28435,nan,nan,nan,8.356,0.10787625199999999,0.0015118319999999998,-87.0
1495185302335,28486,28457,nan,nan,nan,2.757,0.15285301899999998,0.000688779,-80.0
1495185302348,333,2,0.114520564789,0.437637453222,-0.89182873904,6.243064571794942,0.2563613917466657,0.08837240127781144,nan
1495185302348,333,3,-0.521877925772,0.611699060935,-0.594531487343,3.835101531110432,0.08153869565630475,0.007015512753044583,nan
1495185302388,28486,28479,nan,nan,nan,4.813,0.13633717099999998,0.000991011,-85.0
1495185302400,28486,28459,nan,nan,nan,7.343,0.11601368099999998,0.001362921,-86.0
1495185302413,28486,28435,nan,nan,nan,8.356,0.10787625199999999,0.0015118319999999998,-87.0
1495185302426,28486,28457,nan,nan,nan,2.795,0.152547765,0.000694365,-79.0
1495185302422,333,2,0.285298421706,0.519001290853,-0.80575583812,5.8352874237421535,0.2566238734763152,0.08857263780530847,nan
1495185302422,333,3,-0.54505943464,0.617966332371,-0.566593173948,3.736744609013373,0.08125220358385202,0.006961113371381919,nan
1495185302477,28486,28479,nan,nan,nan,4.7940000000000005,0.136489798,0.000988218,-84.0
1495185302490,28486,28459,nan,nan,nan,7.362,0.11586105399999999,0.001365714,-86.0
1495185302502,28486,28435,nan,nan,nan,8.346,0.10795658199999998,0.001510362,-87.0
1495185302515,28486,28457,nan,nan,nan,2.706,0.153262702,0.0006812820000000001,-79.0
1495185302533,333,2,0.155365341304,0.282878504085,-0.946488965941,6.4467172443515315,0.2548835050343598,0.08724961451985604,nan
1495185302533,333,3,-0.469405174041,0.673629237336,-0.570861133017,3.7510282024195924,0.08119231646740852,0.0069497712606616645,nan
1495185302567,28486,28479,nan,nan,nan,4.78,0.13660225999999998,0.00098616,-85.0
1495185302580,28486,28459,nan,nan,nan,7.357,0.11590121899999999,0.001364979,-86.0
1495185302593,28486,28435,nan,nan,nan,8.337,0.108028879,0.0015090389999999998,-86.0
1495185302605,28486,28457,nan,nan,nan,2.725,0.15311007499999998,0.000684075,-79.0
1495185302653,333,2,0.30464707071,0.178259843255,-0.935635394045,6.424208740182117,0.2571840234184476,0.08900078360409701,nan
1495185302653,333,3,-0.398107615267,0.752021085779,-0.525332859442,3.590326366339026,0.08124103121261736,0.006958996650413744,nan
1495185302656,28486,28479,nan,nan,nan,4.7940000000000005,0.136489798,0.000988218,-85.0
1495185302669,28486,28459,nan,nan,nan,7.338,0.11605384599999999,0.001362186,-86.0
1495185302682,28486,28435,nan,nan,nan,8.323,0.10814134099999999,0.0015069810000000001,-87.0
1495185302694,28486,28457,nan,nan,nan,2.734,0.15303777799999999,0.000685398,-79.0
1495185302747,28486,28479,nan,nan,nan,4.803,0.136417501,0.000989541,-85.0
1495185302759,28486,28459,nan,nan,nan,7.357,0.11590121899999999,0.001364979,-86.0
1495185302772,28486,28435,nan,nan,nan,8.346,0.10795658199999998,0.001510362,-85.0
1495185302785,28486,28457,nan,nan,nan,2.7760000000000002,0.152700392,0.0006915720000000001,-79.0
1495185302780,333,2,0.130492753892,0.619629341173,-0.773971007686,5.699577459340817,0.2551676169207849,0.08746485069116809,nan
1495185302780,333,3,-0.27642219773,0.803545347754,-0.52716756606,3.59936717623232,0.08140895342122675,0.006990848434900176,nan
1495185302837,28486,28479,nan,nan,nan,4.827,0.136224709,0.000993069,-84.0
1495185302850,28486,28459,nan,nan,nan,7.343,0.11601368099999998,0.001362921,-87.0
1495185302853,333,2,0.124299204106,0.530023011359,-0.83882376891,6.0039502527341595,0.25477127319678594,0.08716467048793358,nan
1495185302853,333,3,-0.574916783,0.619227231134,-0.5348161636,3.6294480517256957,0.08131523502425386,0.00697306193574374,nan
1495185302863,28486,28435,nan,nan,nan,8.276,0.10851889199999999,0.0015000719999999999,-87.0
1495185302875,28486,28457,nan,nan,nan,2.729,0.153077943,0.0006846630000000001,-79.0
1495185302921,333,2,-0.0599150239478,0.747630259082,-0.661406974268,5.25559339266834,0.2564131239718532,0.08841184602322884,nan
1495185302921,333,3,-0.60602468754,0.543333452937,-0.580967156569,3.7784713435603536,0.08119840248298661,0.006950923437743817,nan
1495185302926,28486,28479,nan,nan,nan,4.799,0.136449633,0.0009889529999999999,-85.0
1495185302939,28486,28459,nan,nan,nan,7.385,0.11567629499999998,0.0013690949999999999,-86.0
1495185302952,28486,28435,nan,nan,nan,8.309000000000001,0.10825380299999998,0.001504923,-87.0
1495185302964,28486,28457,nan,nan,nan,2.7760000000000002,0.152700392,0.0006915720000000001,-79.0
1495185303015,28486,28479,nan,nan,nan,4.78,0.13660225999999998,0.00098616,-85.0
1495185303026,333,2,0.279775487702,0.60393395275,-0.746317263098,5.541619894008156,0.2587501412250604,0.0902038373421089,nan
1495185303027,333,3,-0.660424795795,0.481415079101,-0.57626262304,3.7587279762601375,0.08137021639912555,0.006983493656127512,nan
1495185303028,28486,28459,nan,nan,nan,7.362,0.11586105399999999,0.001365714,-86.0
1495185303041,28486,28435,nan,nan,nan,8.304,0.10829396799999999,0.001504188,-87.0
1495185303053,28486,28457,nan,nan,nan,2.767,0.152772689,0.000690249,-80.0
1495185303104,28486,28479,nan,nan,nan,4.7940000000000005,0.136489798,0.000988218,-85.0
1495185303117,28486,28459,nan,nan,nan,7.3340000000000005,0.11608597799999998,0.0013615979999999999,-85.0
1495185303130,28486,28435,nan,nan,nan,8.290000000000001,0.10840642999999998,0.00150213,-88.0
1495185303143,28486,28457,nan,nan,nan,2.729,0.153077943,0.0006846630000000001,-79.0
1495185303138,333,2,0.0264803172999,0.274379175096,-0.961256917306,6.512862614076331,0.2563486884044753,0.08836271671839782,nan
1495185303138,333,3,-0.404809413688,0.74592211082,-0.528894642797,3.606258927556413,0.08134475243883736,0.006978661268619836,nan
1495185303193,28486,28479,nan,nan,nan,4.808,0.136377336,0.000990276,-84.0
1495185303206,28486,28459,nan,nan,nan,7.3340000000000005,0.11608597799999998,0.0013615979999999999,-87.0
1495185303219,28486,28435,nan,nan,nan,8.262,0.10863135399999999,0.0014980140000000002,-87.0
1495185303220,333,2,0.125260133279,0.457213978321,-0.880491497426,6.189219410769345,0.2556471972695632,0.08782882818274142,nan
1495185303221,333,3,-0.467497584916,0.685701946903,-0.557905769921,3.703921779936238,0.08096074171363335,0.006906008293836399,nan
1495185303231,28486,28457,nan,nan,nan,2.748,0.15292531599999998,0.000687456,-79.0
1495185303282,28486,28479,nan,nan,nan,4.813,0.13633717099999998,0.000991011,-84.0
1495185303295,28486,28459,nan,nan,nan,7.338,0.11605384599999999,0.001362186,-86.0
1495185303308,28486,28435,nan,nan,nan,8.313,0.10822167099999998,0.0015055110000000002,-88.0
1495185303313,333,2,-0.0298035480839,0.648442131578,-0.760680320842,5.7120800852624525,0.25624075484730535,0.08828045561388387,nan
1495185303313,333,3,-0.341997336874,0.782132305748,-0.520871268047,3.5689687310178235,0.08106574023921745,0.006925832134798919,nan
1495185303320,28486,28457,nan,nan,nan,2.743,0.152965481,0.000686721,-79.0
1495185303371,28486,28479,nan,nan,nan,4.827,0.136224709,0.000993069,-85.0
1495185303384,28486,28459,nan,nan,nan,7.338,0.11605384599999999,0.001362186,-87.0
1495185303397,28486,28435,nan,nan,nan,8.266,0.10859922199999998,0.001498602,-87.0
1495185303398,333,2,-0.0922875729409,0.552844061376,-0.828158467736,5.993136861160814,0.25365997345773217,0.08632601551714274,nan
1495185303398,333,3,-0.481767270978,0.718996118738,-0.500943986743,3.5085210319168203,0.08143139767195758,0.006995111738209092,nan
1495185303409,28486,28457,nan,nan,nan,2.743,0.152965481,0.000686721,-79.0
1495185303460,28486,28479,nan,nan,nan,4.785,0.136562095,0.000986895,-84.0
1495185303473,28486,28459,nan,nan,nan,7.352,0.11594138399999998,0.0013642440000000001,-86.0
1495185303486,28486,28435,nan,nan,nan,8.290000000000001,0.10840642999999998,0.00150213,-87.0
1495185303498,28486,28457,nan,nan,nan,2.79,0.15258792999999998,0.00069363,-79.0
1495185303520,333,2,0.114974927112,0.708865057341,-0.695910264773,5.291915331815903,0.2533868195861028,0.0861205567885592,nan
1495185303520,333,3,-0.444268437917,0.727198182438,-0.523267005008,3.5831834808196494,0.08114163659905044,0.006940180839491403,nan
1495185303548,28486,28479,nan,nan,nan,4.78,0.13660225999999998,0.00098616,-84.0
1495185303561,28486,28459,nan,nan,nan,7.343,0.11601368099999998,0.001362921,-87.0
1495185303573,28486,28435,nan,nan,nan,8.285,0.10844659499999999,0.001501395,-86.0
1495185303586,28486,28457,nan,nan,nan,2.753,0.152885151,0.000688191,-79.0
1495185303606,333,2,0.0739053971576,0.633550876952,-0.770163150627,5.717118535852647,0.2569451268543333,0.08881804673655155,nan
1495185303606,333,3,-0.416577943906,0.745589084302,-0.520153567728,3.5690670292500584,0.0810718065048083,0.006926978403910929,nan
1495185303637,28486,28479,nan,nan,nan,4.808,0.136377336,0.000990276,-84.0
1495185303650,28486,28459,nan,nan,nan,7.352,0.11594138399999998,0.0013642440000000001,-86.0
1495185303662,28486,28435,nan,nan,nan,8.323,0.10814134099999999,0.0015069810000000001,-86.0
1495185303675,28486,28457,nan,nan,nan,2.767,0.152772689,0.000690249,-79.0
1495185303723,333,2,0.295464721055,0.46492181923,-0.83459469242,5.98278046472694,0.25801407815121147,0.0896373093298602,nan
1495185303723,333,3,-0.38941669874,0.747376681211,-0.538314713829,3.63723875023444,0.08121057736528689,0.0069532286457137165,nan
1495185303726,28486,28479,nan,nan,nan,4.832,0.136184544,0.000993804,-85.0
1495185303739,28486,28459,nan,nan,nan,7.343,0.11601368099999998,0.001362921,-86.0
1495185303751,28486,28435,nan,nan,nan,8.299,0.10833413299999999,0.001503453,-87.0
1495185303764,28486,28457,nan,nan,nan,2.79,0.15258792999999998,0.00069363,-79.0
1495185303806,333,2,0.0702297325606,0.385907788874,-0.919860295453,6.368298060422557,0.25815915772354936,0.08974881847041238,nan
1495185303806,333,3,-0.484178969659,0.696740701443,-0.529266587168,3.6050061898242434,0.08105462120832425,0.006923731375327773,nan
1495185303815,28486,28479,nan,nan,nan,4.785,0.136562095,0.000986895,-85.0
1495185303828,28486,28459,nan,nan,nan,7.376,0.11574859199999998,0.0013677720000000002,-86.0
1495185303840,28486,28435,nan,nan,nan,8.313,0.10822167099999998,0.0015055110000000002,-87.0
1495185303853,28486,28457,nan,nan,nan,2.753,0.152885151,0.000688191,-79.0
1495185303898,333,2,0.184932659317,0.256311759441,-0.948738211252,6.458484704701671,0.25559573754629616,0.08778973316543809,nan
1495185303898,333,3,-0.42118153176,0.729466331599,-0.538966592998,3.638416503333057,0.08109608102832154,0.006931566308126212,nan
1495185303904,28486,28479,nan,nan,nan,4.785,0.136562095,0.000986895,-85.0
1495185303917,28486,28459,nan,nan,nan,7.357,0.11590121899999999,0.001364979,-85.0
1495185303929,28486,28435,nan,nan,nan,8.313,0.10822167099999998,0.0015055110000000002,-88.0
1495185303942,28486,28457,nan,nan,nan,2.734,0.15303777799999999,0.000685398,-79.0
1495185303993,28486,28479,nan,nan,nan,4.78,0.13660225999999998,0.00098616,-84.0
1495185304006,28486,28459,nan,nan,nan,7.329,0.11612614299999999,0.001360863,-86.0
1495185304018,28486,28435,nan,nan,nan,8.285,0.10844659499999999,0.001501395,-86.0
1495185304031,28486,28457,nan,nan,nan,2.762,0.152812854,0.000689514,-79.0
1495185304038,333,2,-0.0506348309809,0.502272783764,-0.863225442501,6.127475208773312,0.25328285539393136,0.08604242828518488,nan
1495185304038,333,3,-0.336809668034,0.789654157436,-0.512840676198,3.5416093615050803,0.08134780723796571,0.006979240892124728,nan
1495185304082,28486,28479,nan,nan,nan,4.7940000000000005,0.136489798,0.000988218,-85.0
1495185304095,28486,28459,nan,nan,nan,7.367,0.11582088899999998,0.001366449,-86.0
1495185304107,28486,28435,nan,nan,nan,8.323,0.10814134099999999,0.0015069810000000001,-87.0
1495185304120,28486,28457,nan,nan,nan,2.781,0.15266022699999998,0.0006923070000000001,-80.0
1495185304119,333,2,0.000758390713597,0.594233893435,-0.804291927559,5.864824867226258,0.2513252774560623,0.08457856781119116,nan
1495185304119,333,3,-0.418654659138,0.73016309245,-0.539990865484,3.640434729293454,0.08095570084711977,0.006905057355609773,nan
1495185304171,28486,28479,nan,nan,nan,4.799,0.136449633,0.0009889529999999999,-85.0
1495185304184,28486,28459,nan,nan,nan,7.338,0.11605384599999999,0.001362186,-86.0
1495185304196,28486,28435,nan,nan,nan,8.304,0.10829396799999999,0.001504188,-87.0
1495185304209,28486,28457,nan,nan,nan,2.725,0.15311007499999998,0.000684075,-80.0
1495185304259,28486,28479,nan,nan,nan,4.803,0.136417501,0.000989541,-85.0
1495185304271,28486,28459,nan,nan,nan,7.348,0.115973516,0.001363656,-87.0
1495185304278,333,2,0.123638098402,0.353578883225,-0.927197710287,6.392672032695388,0.25807833616204223,0.08968668910181817,nan
1495185304278,333,3,-0.442355161599,0.720755828948,-0.533697429303,3.6237593083530792,0.08125626705772117,0.0069618833258809154,nan
1495185304284,28486,28435,nan,nan,nan,8.295,0.10836626499999999,0.001502865,-85.0
1495185304296,28486,28457,nan,nan,nan,2.8000000000000003,0.1525076,0.0006951,-79.0
1495185304348,28486,28479,nan,nan,nan,4.789,0.13652996299999998,0.000987483,-85.0
1495185304355,333,2,0.0122489460371,0.66537356371,-0.746410064265,5.627877161334347,0.2557040950948753,0.08787206573967844,nan
1495185304355,333,3,-0.619577930774,0.516002101881,-0.591493887163,3.8124598040886712,0.08125321941264234,0.006961305848114961,nan
1495185304360,28486,28459,nan,nan,nan,7.343,0.11601368099999998,0.001362921,-85.0
1495185304373,28486,28435,nan,nan,nan,8.327,0.10810920899999998,0.0015075689999999998,-86.0
1495185304385,28486,28457,nan,nan,nan,2.711,0.153222537,0.000682017,-79.0
1495185304435,28486,28479,nan,nan,nan,4.817,0.136305039,0.0009915990000000001,-85.0
1495185304448,28486,28459,nan,nan,nan,7.352,0.11594138399999998,0.0013642440000000001,-86.0
1495185304460,28486,28435,nan,nan,nan,8.327,0.10810920899999998,0.0015075689999999998,-87.0
1495185304473,28486,28457,nan,nan,nan,2.72,0.15315024,0.0006833399999999999,-79.0
1495185304504,333,2,-0.105340147,0.458805409057,-0.882270395089,6.216338381050705,0.25521532337895675,0.08750102041866947,nan
1495185304504,333,3,-0.467292503877,0.701755531658,-0.537751698842,3.6359700651527804,0.08113758505620461,0.006939414457667944,nan
1495185304524,28486,28479,nan,nan,nan,4.822,0.13626487399999998,0.000992334,-85.0
1495185304537,28486,28459,nan,nan,nan,7.352,0.11594138399999998,0.0013642440000000001,-86.0
1495185304549,28486,28435,nan,nan,nan,8.304,0.10829396799999999,0.001504188,-86.0
1495185304562,28486,28457,nan,nan,nan,2.725,0.15311007499999998,0.000684075,-79.0
1495185304585,333,2,0.0985584205952,0.582210926842,-0.807041928524,5.857473886880444,0.2530716052237837,0.08588379463244271,nan
1495185304585,333,3,-0.594528338796,0.59603177544,-0.539705639246,3.6454891064626898,0.08141507330318422,0.00699201077015762,nan
1495185304613,28486,28479,nan,nan,nan,4.785,0.136562095,0.000986895,-85.0
1495185304626,28486,28459,nan,nan,nan,7.348,0.115973516,0.001363656,-86.0
1495185304638,28486,28435,nan,nan,nan,8.309000000000001,0.10825380299999998,0.001504923,-87.0
1495185304651,28486,28457,nan,nan,nan,2.725,0.15311007499999998,0.000684075,-79.0
1495185304686,333,2,0.0442267331374,0.609071799525,-0.79188101322,5.815191804053711,0.2544422644285808,0.08691591738099681,nan
1495185304686,333,3,-0.55722100305,0.613967555757,-0.559060456693,3.7114674307245274,0.08123696932540164,0.006958227171401199,nan
1495185304702,28486,28479,nan,nan,nan,4.785,0.136562095,0.000986895,-85.0
1495185304715,28486,28459,nan,nan,nan,7.338,0.11605384599999999,0.001362186,-86.0
1495185304727,28486,28435,nan,nan,nan,8.299,0.10833413299999999,0.001503453,-88.0
1495185304740,28486,28457,nan,nan,nan,2.734,0.15303777799999999,0.000685398,-80.0
1495185304791,28486,28479,nan,nan,nan,4.808,0.136377336,0.000990276,-85.0
1495185304805,28486,28459,nan,nan,nan,7.371,0.11578875699999999,0.0013670370000000002,-86.0
1495185304808,333,2,0.273571683224,0.26665792309,-0.924149385214,6.36105127718044,0.2550956369962752,0.08741029299298679,nan
1495185304808,333,3,-0.416500188336,0.721212184122,-0.553516556745,3.6962618154712334,0.08146100296511596,0.007000737465182407,nan
1495185304817,28486,28435,nan,nan,nan,8.342,0.10798871399999999,0.0015097740000000002,-87.0
1495185304830,28486,28457,nan,nan,nan,2.767,0.152772689,0.000690249,-79.0
1495185304882,28486,28479,nan,nan,nan,4.799,0.136449633,0.0009889529999999999,-85.0
1495185304895,28486,28459,nan,nan,nan,7.352,0.11594138399999998,0.0013642440000000001,-86.0
1495185304907,28486,28435,nan,nan,nan,8.285,0.10844659499999999,0.001501395,-87.0
1495185304920,28486,28457,nan,nan,nan,2.757,0.15285301899999998,0.000688779,-79.0
1495185304935,333,2,-0.165053767132,0.541957861667,-0.824038184875,5.997166313318271,0.25733467478641087,0.08911612571437297,nan
1495185304935,333,3,-0.428339677399,0.716160599879,-0.551034586888,3.680734077499928,0.08096981692202326,0.006907720474499665,nan
1495185304972,28486,28479,nan,nan,nan,4.789,0.13652996299999998,0.000987483,-85.0
1495185304985,28486,28459,nan,nan,nan,7.329,0.11612614299999999,0.001360863,-86.0
1495185304997,28486,28435,nan,nan,nan,8.323,0.10814134099999999,0.0015069810000000001,-87.0
1495185305010,28486,28457,nan,nan,nan,2.781,0.15266022699999998,0.0006923070000000001,-79.0
1495185305043,333,2,0.206906936426,0.419489554905,-0.883865393023,6.190533852731165,0.2546026408148628,0.08703712423314414,nan
1495185305043,333,3,-0.453679048448,0.66860656007,-0.589186378688,3.8137270850466742,0.08122580131624603,0.006956111757498877,nan
1495185305063,28486,28479,nan,nan,nan,4.808,0.136377336,0.000990276,-85.0
1495185305075,28486,28459,nan,nan,nan,7.367,0.11582088899999998,0.001366449,-86.0
1495185305088,28486,28435,nan,nan,nan,8.327,0.10810920899999998,0.0015075689999999998,-87.0
1495185305100,28486,28457,nan,nan,nan,2.729,0.153077943,0.0006846630000000001,-79.0
1495185305155,28486,28479,nan,nan,nan,4.817,0.136305039,0.0009915990000000001,-84.0
1495185305167,28486,28459,nan,nan,nan,7.32,0.11619843999999999,0.0013595400000000002,-86.0
1495185305180,28486,28435,nan,nan,nan,8.299,0.10833413299999999,0.001503453,-86.0
1495185305192,28486,28457,nan,nan,nan,2.7760000000000002,0.152700392,0.0006915720000000001,-79.0
1495185305189,333,2,0.0193616347897,0.635621964146,-0.771757634101,5.744094750488082,0.2560196964352945,0.08811210788640642,nan
1495185305189,333,3,-0.397638347206,0.733662533717,-0.55101999188,3.6793699696509052,0.0810061389658303,0.006914575526604021,nan
1495185305244,28486,28479,nan,nan,nan,4.785,0.136562095,0.000986895,-85.0
1495185305257,28486,28459,nan,nan,nan,7.362,0.11586105399999999,0.001365714,-86.0
1495185305270,28486,28435,nan,nan,nan,8.337,0.108028879,0.0015090389999999998,-87.0
1495185305282,28486,28457,nan,nan,nan,2.7720000000000002,0.15273252399999998,0.000690984,-79.0
1495185305274,333,2,0.156435666199,0.496636320248,-0.853744837614,6.063168502478016,0.25429727311655015,0.08680641766959683,nan
1495185305274,333,3,-0.331203224043,0.783267193409,-0.526114938119,3.592937679643333,0.08138754137459141,0.006986782526743955,nan
1495185305334,28486,28479,nan,nan,nan,4.7940000000000005,0.136489798,0.000988218,-84.0
1495185305347,28486,28459,nan,nan,nan,7.32,0.11619843999999999,0.0013595400000000002,-86.0
1495185305359,28486,28435,nan,nan,nan,8.309000000000001,0.10825380299999998,0.001504923,-87.0
1495185305372,28486,28457,nan,nan,nan,2.762,0.152812854,0.000689514,-80.0
1495185305421,333,2,0.0721151215238,0.390420428334,-0.917807876621,6.3537640392198345,0.25728078762717105,0.08907485907968293,nan
1495185305421,333,3,-0.533639271135,0.59342762734,-0.602555208601,3.8520935835956105,0.08119434503369087,0.006950155288075591,nan
1495185305422,28486,28479,nan,nan,nan,4.785,0.136562095,0.000986895,-84.0
1495185305434,28486,28459,nan,nan,nan,7.376,0.11574859199999998,0.0013677720000000002,-85.0
1495185305447,28486,28435,nan,nan,nan,8.337,0.108028879,0.0015090389999999998,-87.0
1495185305459,28486,28457,nan,nan,nan,2.762,0.152812854,0.000689514,-79.0
1495185305493,333,2,0.32154881799,0.391337716364,-0.862241932059,6.0991052359705265,0.2555614412253533,0.08776368283567072,nan
1495185305493,333,3,-0.39976499833,0.742731908316,-0.537156642405,3.630823731620385,0.08111632136870851,0.006935393020861439,nan
1495185305511,28486,28479,nan,nan,nan,4.813,0.13633717099999998,0.000991011,-84.0
1495185305523,28486,28459,nan,nan,nan,7.357,0.11590121899999999,0.001364979,-86.0
1495185305536,28486,28435,nan,nan,nan,8.276,0.10851889199999999,0.0015000719999999999,-86.0
1495185305548,28486,28457,nan,nan,nan,2.757,0.15285301899999998,0.000688779,-80.0
1495185305608,333,2,0.415484497502,-0.079142200717,-0.906150729405,6.3065441548205525,0.25348463251505526,0.08619409812178744,nan
1495185305608,333,3,-0.528462554665,0.615201979628,-0.585024659805,3.802413102752569,0.08148552084731722,0.007005398335799969,nan
1495185305601,28486,28479,nan,nan,nan,4.827,0.136224709,0.000993069,-84.0
1495185305614,28486,28459,nan,nan,nan,7.3340000000000005,0.11608597799999998,0.0013615979999999999,-86.0
1495185305626,28486,28435,nan,nan,nan,8.295,0.10836626499999999,0.001502865,-87.0
1495185305639,28486,28457,nan,nan,nan,2.7760000000000002,0.152700392,0.0006915720000000001,-79.0
1495185305692,28486,28479,nan,nan,nan,4.761,0.136754887,0.000983367,-84.0
1495185305704,28486,28459,nan,nan,nan,7.352,0.11594138399999998,0.0013642440000000001,-86.0
1495185305717,28486,28435,nan,nan,nan,8.327,0.10810920899999998,0.0015075689999999998,-87.0
1495185305729,28486,28457,nan,nan,nan,2.743,0.152965481,0.000686721,-79.0
1495185305745,333,2,0.032011562039,0.621567269451,-0.782706451643,5.780353582942537,0.2541577897701157,0.08670114902477412,nan
1495185305745,333,3,-0.394339625245,0.730521856897,-0.557524955995,3.7080459885370822,0.08114771470361658,0.006941330648672656,nan
1495185305781,28486,28479,nan,nan,nan,4.7940000000000005,0.136489798,0.000988218,-84.0
1495185305793,28486,28459,nan,nan,nan,7.376,0.11574859199999998,0.0013677720000000002,-86.0
1495185305806,28486,28435,nan,nan,nan,8.323,0.10814134099999999,0.0015069810000000001,-87.0
1495185305818,28486,28457,nan,nan,nan,2.748,0.15292531599999998,0.000687456,-79.0
1495185305860,333,2,0.0335533293811,0.586832541151,-0.809012819882,5.8920053497324645,0.2535389030012393,0.08623491659970173,nan
1495185305860,333,3,-0.413854587433,0.74038508733,-0.529673770278,3.6110409431479944,0.08135697306874771,0.006980980192897157,nan
1495185305871,28486,28479,nan,nan,nan,4.846,0.13607208199999998,0.0009958620000000001,-84.0
1495185305884,28486,28459,nan,nan,nan,7.348,0.115973516,0.001363656,-86.0
1495185305896,28486,28435,nan,nan,nan,8.313,0.10822167099999998,0.0015055110000000002,-87.0
1495185305909,28486,28457,nan,nan,nan,2.767,0.152772689,0.000690249,-79.0
1495185305960,28486,28479,nan,nan,nan,4.8500000000000005,0.13603995,0.00099645,-84.0
1495185305974,333,2,-0.035845487437,0.518343723528,-0.854420789371,6.10640240090979,0.2563877093480857,0.08839246669632465,nan
1495185305975,333,3,-0.494684294137,0.662372528671,-0.562627836493,3.7300269977247495,0.08153153330233842,0.007014149930840879,nan
1495185305973,28486,28459,nan,nan,nan,7.329,0.11612614299999999,0.001360863,-87.0
1495185305985,28486,28435,nan,nan,nan,8.295,0.10836626499999999,0.001502865,-87.0
1495185305998,28486,28457,nan,nan,nan,2.739,0.15299761299999998,0.000686133,-79.0
1495185306051,28486,28479,nan,nan,nan,4.78,0.13660225999999998,0.00098616,-84.0
1495185306063,28486,28459,nan,nan,nan,7.329,0.11612614299999999,0.001360863,-86.0
1495185306076,28486,28435,nan,nan,nan,8.299,0.10833413299999999,0.001503453,-87.0
1495185306078,333,2,0.000930690369224,0.366542723515,-0.930400755402,6.401200831188191,0.25634778106541245,0.08836202501882011,nan
1495185306078,333,3,-0.549483421935,0.621054003972,-0.558891664966,3.713923077538603,0.08140385425115525,0.006989880041980882,nan
1495185306089,28486,28457,nan,nan,nan,2.781,0.15266022699999998,0.0006923070000000001,-80.0
1495185306140,28486,28479,nan,nan,nan,4.789,0.13652996299999998,0.000987483,-84.0
1495185306153,28486,28459,nan,nan,nan,7.343,0.11601368099999998,0.001362921,-86.0
1495185306165,28486,28435,nan,nan,nan,8.379,0.10769149299999999,0.001515213,-88.0
1495185306178,28486,28457,nan,nan,nan,2.725,0.15311007499999998,0.000684075,-79.0
1495185306202,333,2,0.133840694609,0.498669866657,-0.856396539318,6.091961165035768,0.256699345202797,0.08863025804387012,nan
1495185306202,333,3,-0.472578106262,0.703325245877,-0.531040047448,3.614441212281374,0.08113555944281761,0.006939031314035367,nan
1495185306231,28486,28479,nan,nan,nan,4.803,0.136417501,0.000989541,-85.0
1495185306243,28486,28459,nan,nan,nan,7.343,0.11601368099999998,0.001362921,-86.0
1495185306256,28486,28435,nan,nan,nan,8.295,0.10836626499999999,0.001502865,-86.0
1495185306269,28486,28457,nan,nan,nan,2.748,0.15292531599999998,0.000687456,-79.0
1495185306315,333,2,0.261467633988,0.470329077175,-0.842867270417,6.014912358588664,0.25650211018629127,0.08847971872126607,nan
1495185306315,333,3,-0.39963413507,0.747726098914,-0.530281282989,3.6117899386374606,0.0812613469952706,0.006962845947405477,nan
1495185306321,28486,28479,nan,nan,nan,4.846,0.13607208199999998,0.0009958620000000001,-85.0
1495185306334,28486,28459,nan,nan,nan,7.362,0.11586105399999999,0.001365714,-86.0
1495185306347,28486,28435,nan,nan,nan,8.327,0.10810920899999998,0.0015075689999999998,-88.0
1495185306359,28486,28457,nan,nan,nan,2.767,0.152772689,0.000690249,-79.0
1495185306412,28486,28479,nan,nan,nan,4.817,0.136305039,0.0009915990000000001,-85.0
1495185306425,28486,28459,nan,nan,nan,7.381,0.11570842699999999,0.0013685070000000001,-86.0
1495185306437,28486,28435,nan,nan,nan,8.327,0.10810920899999998,0.0015075689999999998,-87.0
1495185306450,28486,28457,nan,nan,nan,2.701,0.15330286699999998,0.000680547,-80.0
1495185306483,333,2,0.0719674333034,0.413678250704,-0.907574235773,6.31934365013476,0.25847368403952875,0.08999082635825975,nan
1495185306483,333,3,-0.500440972437,0.65097908362,-0.570775845491,3.758368152845756,0.08149063067302231,0.007006369932088631,nan
1495185306500,28486,28479,nan,nan,nan,4.799,0.136449633,0.0009889529999999999,-85.0
1495185306512,28486,28459,nan,nan,nan,7.329,0.11612614299999999,0.001360863,-86.0
1495185306525,28486,28435,nan,nan,nan,8.304,0.10829396799999999,0.001504188,-86.0
1495185306538,28486,28457,nan,nan,nan,2.72,0.15315024,0.0006833399999999999,-80.0
1495185306594,333,2,0.0445509825326,0.407060494634,-0.912314070736,6.327300488910881,0.25621174438422467,0.08825835256890603,nan
1495185306594,333,3,-0.389552979698,0.749860778977,-0.534749743488,3.628099744713121,0.08138754137459141,0.006986782526743955,nan
1495185306592,28486,28479,nan,nan,nan,4.803,0.136417501,0.000989541,-85.0
1495185306604,28486,28459,nan,nan,nan,7.376,0.11574859199999998,0.0013677720000000002,-86.0
1495185306617,28486,28435,nan,nan,nan,8.332,0.10806904399999998,0.0015083040000000002,-86.0
1495185306629,28486,28457,nan,nan,nan,2.715,0.15319040499999997,0.000682605,-80.0
1495185306680,28486,28479,nan,nan,nan,4.771,0.13667455699999997,0.0009848370000000001,-85.0
1495185306692,28486,28459,nan,nan,nan,7.371,0.11578875699999999,0.0013670370000000002,-86.0
1495185306705,28486,28435,nan,nan,nan,8.318,0.108181506,0.0015062459999999997,-87.0
1495185306718,28486,28457,nan,nan,nan,2.725,0.15311007499999998,0.000684075,-79.0
1495185306728,333,2,0.23749356316,0.505186432601,-0.82968878248,5.9393161514452215,0.25342238020374364,0.08614728930851902,nan
1495185306728,333,3,-0.507215856968,0.670310384328,-0.541678929903,3.651920894713056,0.08121869606612682,0.006954766083767269,nan
1495185306770,28486,28479,nan,nan,nan,4.836,0.136152412,0.000994392,-84.0
1495185306783,28486,28459,nan,nan,nan,7.357,0.11590121899999999,0.001364979,-86.0
1495185306796,28486,28435,nan,nan,nan,8.356,0.10787625199999999,0.0015118319999999998,-87.0
1495185306808,28486,28457,nan,nan,nan,2.734,0.15303777799999999,0.000685398,-79.0
1495185306802,333,2,-0.0562959237446,0.686662142534,-0.724793674766,5.540658917647577,0.25314346631570267,0.08593773913515915,nan
1495185306802,333,3,-0.42641488029,0.74769543152,-0.509040166933,3.5356898889479926,0.08139569696202696,0.006988331028782478,nan
1495185306860,28486,28479,nan,nan,nan,4.822,0.13626487399999998,0.000992334,-85.0
1495185306873,28486,28459,nan,nan,nan,7.367,0.11582088899999998,0.001366449,-86.0
1495185306885,28486,28435,nan,nan,nan,8.309000000000001,0.10825380299999998,0.001504923,-88.0
1495185306898,28486,28457,nan,nan,nan,2.7720000000000002,0.15273252399999998,0.000690984,-79.0
1495185306937,333,2,0.234915559593,0.0495399022194,-0.970752531776,6.538437623544583,0.2548915890970936,0.0872557347912259,nan
1495185306937,333,3,-0.43208225739,0.71225806301,-0.553166678792,3.693209426040866,0.08136715984757799,0.006982913506541776,nan
1495185306949,28486,28479,nan,nan,nan,4.803,0.136417501,0.000989541,-85.0
1495185306962,28486,28459,nan,nan,nan,7.381,0.11570842699999999,0.0013685070000000001,-87.0
1495185306974,28486,28435,nan,nan,nan,8.323,0.10814134099999999,0.0015069810000000001,-87.0
1495185306987,28486,28457,nan,nan,nan,2.743,0.152965481,0.000686721,-80.0
1495185307027,333,2,0.29903690187,0.294985603465,-0.90750230031,6.296734426491777,0.2556219165230002,0.08780962068449213,nan
1495185307027,333,3,-0.404158005558,0.747214053333,-0.527567498093,3.5973339065024414,0.0810788850101967,0.006928316075165694,nan
1495185307038,28486,28479,nan,nan,nan,4.785,0.136562095,0.000986895,-84.0
1495185307051,28486,28459,nan,nan,nan,7.3340000000000005,0.11608597799999998,0.0013615979999999999,-86.0
1495185307063,28486,28435,nan,nan,nan,8.342,0.10798871399999999,0.0015097740000000002,-88.0
1495185307076,28486,28457,nan,nan,nan,2.767,0.152772689,0.000690249,-79.0
1495185307127,28486,28479,nan,nan,nan,4.7940000000000005,0.136489798,0.000988218,-84.0
1495185307140,28486,28459,nan,nan,nan,7.338,0.11605384599999999,0.001362186,-86.0
1495185307153,28486,28435,nan,nan,nan,8.299,0.10833413299999999,0.001503453,-87.0
1495185307165,28486,28457,nan,nan,nan,2.743,0.152965481,0.000686721,-79.0
1495185307168,333,2,0.022518438583,0.482219842826,-0.875760779613,6.1933304080840985,0.2572999655199238,0.08908954425573712,nan
1495185307168,333,3,-0.437386487719,0.708188829035,-0.554221654928,3.6908159949448214,0.08094259765496939,0.006902585829230087,nan
1495185307217,28486,28479,nan,nan,nan,4.803,0.136417501,0.000989541,-84.0
1495185307229,28486,28459,nan,nan,nan,7.315,0.11623860499999998,0.0013588049999999998,-86.0
1495185307242,28486,28435,nan,nan,nan,8.327,0.10810920899999998,0.0015075689999999998,-87.0
1495185307255,28486,28457,nan,nan,nan,2.72,0.15315024,0.0006833399999999999,-79.0
1495185307256,333,2,0.155932774322,0.618043615352,-0.770523886337,5.685843454166797,0.25669206911350606,0.08862470208926804,nan
1495185307257,333,3,-0.451283874951,0.709934967849,-0.54068031741,3.6423255340902467,0.08104047430953074,0.006921059054312871,nan
1495185307304,28486,28479,nan,nan,nan,4.827,0.136224709,0.000993069,-84.0
1495185307317,28486,28459,nan,nan,nan,7.357,0.11590121899999999,0.001364979,-86.0
1495185307329,28486,28435,nan,nan,nan,8.313,0.10822167099999998,0.0015055110000000002,-87.0
1495185307342,28486,28457,nan,nan,nan,2.729,0.153077943,0.0006846630000000001,-79.0
1495185307398,333,2,0.202113711529,0.565667766059,-0.799481097996,5.789442823457697,0.2521168929260727,0.0851688740867498,nan
1495185307398,333,3,-0.594736366065,0.57164014479,-0.565257640147,3.734148934321017,0.08147223842130866,0.007002873124177512,nan
1495185307394,28486,28479,nan,nan,nan,4.78,0.13660225999999998,0.00098616,-84.0
1495185307406,28486,28459,nan,nan,nan,7.367,0.11582088899999998,0.001366449,-86.0
1495185307419,28486,28435,nan,nan,nan,8.318,0.108181506,0.0015062459999999997,-87.0
1495185307432,28486,28457,nan,nan,nan,2.762,0.152812854,0.000689514,-79.0
1495185307485,333,2,0.137048006684,0.520257538753,-0.842941241863,6.03051572081208,0.2560024970005636,0.0880990169840306,nan
1495185307485,333,3,-0.517612854995,0.606445313871,-0.603573536222,3.861094113731878,0.08141609337663192,0.006992204520680426,nan
1495185307483,28486,28479,nan,nan,nan,4.822,0.13626487399999998,0.000992334,-84.0
1495185307495,28486,28459,nan,nan,nan,7.348,0.115973516,0.001363656,-86.0
1495185307508,28486,28435,nan,nan,nan,8.295,0.10836626499999999,0.001502865,-86.0
1495185307521,28486,28457,nan,nan,nan,2.7760000000000002,0.152700392,0.0006915720000000001,-79.0
1495185307572,28486,28479,nan,nan,nan,4.799,0.136449633,0.0009889529999999999,-84.0
1495185307585,28486,28459,nan,nan,nan,7.357,0.11590121899999999,0.001364979,-85.0
1495185307597,28486,28435,nan,nan,nan,8.304,0.10829396799999999,0.001504188,-88.0
1495185307610,28486,28457,nan,nan,nan,2.729,0.153077943,0.0006846630000000001,-79.0
1495185307610,333,2,-0.0231184109687,0.623266391772,-0.781667796421,5.802945538107928,0.25606134562213073,0.08814381249615212,nan
1495185307611,333,3,-0.497197557347,0.650416684661,-0.574240999304,3.7638046760011172,0.08118217521933703,0.006947851597659332,nan
1495185307661,28486,28479,nan,nan,nan,4.836,0.136152412,0.000994392,-84.0
1495185307674,28486,28459,nan,nan,nan,7.362,0.11586105399999999,0.001365714,-86.0
1495185307686,28486,28435,nan,nan,nan,8.285,0.10844659499999999,0.001501395,-88.0
1495185307699,28486,28457,nan,nan,nan,2.743,0.152965481,0.000686721,-79.0
1495185307698,333,2,0.154155125479,0.425056420659,-0.891943516454,6.22320157701849,0.25441540316726124,0.08689562562807707,nan
1495185307698,333,3,-0.32594578289,0.797348161124,-0.507932334636,3.5218683350797915,0.08125017200561913,0.006960728441696658,nan
1495185307750,28486,28479,nan,nan,nan,4.803,0.136417501,0.000989541,-85.0
1495185307763,28486,28459,nan,nan,nan,7.362,0.11586105399999999,0.001365714,-86.0
1495185307776,28486,28435,nan,nan,nan,8.318,0.108181506,0.0015062459999999997,-87.0
1495185307788,28486,28457,nan,nan,nan,2.748,0.15292531599999998,0.000687456,-79.0
1495185307842,333,2,0.214374511537,0.290050702404,-0.932691888481,6.3889282473224895,0.2545013768442715,0.08696058170525543,nan
1495185307842,333,3,-0.577441018735,0.614304214089,-0.537765936477,3.6368531956828907,0.08111429686107287,0.006935010207968947,nan
1495185307840,28486,28479,nan,nan,nan,4.808,0.136377336,0.000990276,-84.0
1495185307852,28486,28459,nan,nan,nan,7.352,0.11594138399999998,0.0013642440000000001,-87.0
1495185307865,28486,28435,nan,nan,nan,8.276,0.10851889199999999,0.0015000719999999999,-87.0
1495185307877,28486,28457,nan,nan,nan,2.767,0.152772689,0.000690249,-79.0
1495185307918,333,2,0.218705766125,0.451507720287,-0.86504830292,6.122052325061979,0.2574178279378493,0.08917982470993188,nan
1495185307918,333,3,-0.637428435569,0.530579241625,-0.558722344179,3.705555341649745,0.08129387426427098,0.006969011422503089,nan
1495185307929,28486,28479,nan,nan,nan,4.775,0.13664242499999998,0.000985425,-84.0
1495185307942,28486,28459,nan,nan,nan,7.367,0.11582088899999998,0.001366449,-86.0
1495185307954,28486,28435,nan,nan,nan,8.257,0.108671519,0.0014972789999999998,-88.0
1495185307967,28486,28457,nan,nan,nan,2.7720000000000002,0.15273252399999998,0.000690984,-79.0
1495185308018,28486,28479,nan,nan,nan,4.7940000000000005,0.136489798,0.000988218,-85.0
1495185308031,28486,28459,nan,nan,nan,7.348,0.115973516,0.001363656,-86.0
1495185308043,28486,28435,nan,nan,nan,8.304,0.10829396799999999,0.001504188,-87.0
1495185308056,28486,28457,nan,nan,nan,2.701,0.15330286699999998,0.000680547,-80.0
1495185308065,333,2,0.0823105314288,0.640198730106,-0.763786987573,5.674926182530768,0.25498953204960206,0.08732990399697199,nan
1495185308065,333,3,-0.694320897844,0.438003994566,-0.571026261709,3.741190449546763,0.08149369688861367,0.0070069529861776295,nan
1495185308106,28486,28479,nan,nan,nan,4.827,0.136224709,0.000993069,-85.0
1495185308119,28486,28459,nan,nan,nan,7.385,0.11567629499999998,0.0013690949999999999,-86.0
1495185308131,28486,28435,nan,nan,nan,8.309000000000001,0.10825380299999998,0.001504923,-87.0
1495185308144,28486,28457,nan,nan,nan,2.725,0.15311007499999998,0.000684075,-79.0
1495185308175,333,2,-0.106607972519,0.385209972428,-0.916650433555,6.361136738232858,0.25768313805415194,0.08938323071861157,nan
1495185308175,333,3,-0.594261357193,0.554400552147,-0.582660679235,3.786438138389838,0.08133864355711873,0.00697750223667011,nan
1495185308195,28486,28479,nan,nan,nan,4.785,0.136562095,0.000986895,-84.0
1495185308208,28486,28459,nan,nan,nan,7.343,0.11601368099999998,0.001362921,-86.0
1495185308220,28486,28435,nan,nan,nan,8.295,0.10836626499999999,0.001502865,-86.0
1495185308233,28486,28457,nan,nan,nan,2.79,0.15258792999999998,0.00069363,-79.0
1495185308284,28486,28479,nan,nan,nan,4.817,0.136305039,0.0009915990000000001,-85.0
1495185308297,28486,28459,nan,nan,nan,7.357,0.11590121899999999,0.001364979,-87.0
1495185308310,28486,28435,nan,nan,nan,8.323,0.10814134099999999,0.0015069810000000001,-87.0
1495185308310,333,2,0.262491519359,0.312484766699,-0.912935634558,6.308447760266065,0.2541899662341077,0.08672542652264364,nan
1495185308310,333,3,-0.566261067723,0.61509347469,-0.548642343039,3.6795045415818244,0.08141507330318422,0.00699201077015762,nan
1495185308322,28486,28457,nan,nan,nan,2.725,0.15311007499999998,0.000684075,-79.0
1495185308374,28486,28479,nan,nan,nan,4.785,0.136562095,0.000986895,-84.0
1495185308386,28486,28459,nan,nan,nan,7.367,0.11582088899999998,0.001366449,-86.0
1495185308399,28486,28435,nan,nan,nan,8.332,0.10806904399999998,0.0015083040000000002,-86.0
1495185308411,28486,28457,nan,nan,nan,2.715,0.15319040499999997,0.000682605,-79.0
1495185308429,333,2,0.0428123676834,-0.0888119424794,-0.995127901351,6.617793195156641,0.25669388810170113,0.08862609103397046,nan
1495185308429,333,3,-0.366432124466,0.78582258185,-0.498207153716,3.4839136596164937,0.08123696932540164,0.006958227171401199,nan
1495185308463,28486,28479,nan,nan,nan,4.808,0.136377336,0.000990276,-85.0
1495185308476,28486,28459,nan,nan,nan,7.390000000000001,0.11563612999999998,0.0013698300000000003,-85.0
1495185308488,28486,28435,nan,nan,nan,8.295,0.10836626499999999,0.001502865,-87.0
1495185308501,28486,28457,nan,nan,nan,2.711,0.153222537,0.000682017,-79.0
1495185308516,333,2,0.0275968244765,0.544938862147,-0.838021510345,6.037387956454206,0.25699888999811527,0.08885915332265597,nan
1495185308516,333,3,-0.543428912585,0.576746913957,-0.609957387207,3.877636138998635,0.08128980687286591,0.006968240293512526,nan
1495185308552,28486,28479,nan,nan,nan,4.7940000000000005,0.136489798,0.000988218,-85.0
1495185308565,28486,28459,nan,nan,nan,7.343,0.11601368099999998,0.001362921,-87.0
1495185308577,28486,28435,nan,nan,nan,8.323,0.10814134099999999,0.0015069810000000001,-87.0
1495185308590,28486,28457,nan,nan,nan,2.781,0.15266022699999998,0.0006923070000000001,-80.0
1495185308612,333,2,0.0938563566186,0.585251303674,-0.805401698452,5.879573427740488,0.2574434230620153,0.08919943672717039,nan
1495185308612,333,3,-0.417773059869,0.719421790771,-0.554885535413,3.701156692399593,0.08128268995758398,0.006966891123557787,nan
1495185308641,28486,28479,nan,nan,nan,4.808,0.136377336,0.000990276,-85.0
1495185308654,28486,28459,nan,nan,nan,7.338,0.11605384599999999,0.001362186,-86.0
1495185308667,28486,28435,nan,nan,nan,8.299,0.10833413299999999,0.001503453,-88.0
1495185308680,28486,28457,nan,nan,nan,2.706,0.153262702,0.0006812820000000001,-79.0
1495185308731,28486,28479,nan,nan,nan,4.832,0.136184544,0.000993804,-85.0
1495185308743,28486,28459,nan,nan,nan,7.348,0.115973516,0.001363656,-86.0
1495185308756,28486,28435,nan,nan,nan,8.313,0.10822167099999998,0.0015055110000000002,-86.0
1495185308758,333,2,0.0659388897786,0.658274469164,-0.74988451515,5.629711029937246,0.2577023688990605,0.08939798434972936,nan
1495185308759,333,3,-0.552671650941,0.618498752966,-0.558581541788,3.7085895584713953,0.08125220358385202,0.006961113371381919,nan
1495185308768,28486,28457,nan,nan,nan,2.767,0.152772689,0.000690249,-79.0
1495185308820,28486,28479,nan,nan,nan,4.785,0.136562095,0.000986895,-84.0
1495185308832,28486,28459,nan,nan,nan,7.348,0.115973516,0.001363656,-86.0
1495185308845,28486,28435,nan,nan,nan,8.304,0.10829396799999999,0.001504188,-87.0
1495185308858,28486,28457,nan,nan,nan,2.696,0.153343032,0.000679812,-79.0
1495185308883,333,2,0.141465328541,0.669358910193,-0.729346426718,5.474681004829195,0.25597081917117886,0.08807490901678958,nan
1495185308883,333,3,-0.428857854237,0.717531219039,-0.548844140502,3.676142612975751,0.08107686244869068,0.0069279338441082545,nan
1495185308908,28486,28479,nan,nan,nan,4.775,0.13664242499999998,0.000985425,-85.0
1495185308920,28486,28459,nan,nan,nan,7.343,0.11601368099999998,0.001362921,-86.0
1495185308933,28486,28435,nan,nan,nan,8.299,0.10833413299999999,0.001503453,-87.0
1495185308945,28486,28457,nan,nan,nan,2.757,0.15285301899999998,0.000688779,-79.0
1495185308997,28486,28479,nan,nan,nan,4.827,0.136224709,0.000993069,-85.0
1495185309010,28486,28459,nan,nan,nan,7.385,0.11567629499999998,0.0013690949999999999,-87.0
1495185309022,28486,28435,nan,nan,nan,8.309000000000001,0.10825380299999998,0.001504923,-87.0
1495185309035,28486,28457,nan,nan,nan,2.753,0.152885151,0.000688191,-80.0
1495185309030,333,2,0.0517013841531,0.492492100938,-0.86877989007,6.150302479954717,0.2553260990898817,0.08758503912245594,nan
1495185309031,333,3,-0.642092919523,0.507202601099,-0.57485842095,3.7532440057680123,0.0811011401269169,0.006932522691338454,nan
1495185309087,28486,28479,nan,nan,nan,4.822,0.13626487399999998,0.000992334,-85.0
1495185309099,28486,28459,nan,nan,nan,7.3340000000000005,0.11608597799999998,0.0013615979999999999,-86.0
1495185309112,28486,28435,nan,nan,nan,8.304,0.10829396799999999,0.001504188,-88.0
1495185309111,333,2,-0.0475151478208,0.615220447003,-0.786921922631,5.837707684141497,0.2570754683973159,0.08891772214221576,nan
1495185309111,333,3,-0.490378351605,0.672739455454,-0.554031314415,3.6931645766691075,0.08113049587022546,0.006938073592824573,nan
1495185309125,28486,28457,nan,nan,nan,2.711,0.153222537,0.000682017,-79.0
1495185309177,28486,28479,nan,nan,nan,4.78,0.13660225999999998,0.00098616,-85.0
1495185309189,28486,28459,nan,nan,nan,7.3950000000000005,0.11559596499999998,0.0013705650000000002,-86.0
1495185309202,28486,28435,nan,nan,nan,8.304,0.10829396799999999,0.001504188,-86.0
1495185309214,28486,28457,nan,nan,nan,2.729,0.153077943,0.0006846630000000001,-79.0
1495185309224,333,2,0.156384219362,0.58043191698,-0.799151278348,5.817763842025928,0.25440376484325017,0.08688683451646023,nan
1495185309225,333,3,-0.546865203986,0.638855155072,-0.541112316905,3.6502207566633147,0.0812288468197811,0.006956688593545969,nan
1495185309266,28486,28479,nan,nan,nan,4.799,0.136449633,0.0009889529999999999,-84.0
1495185309279,28486,28459,nan,nan,nan,7.343,0.11601368099999998,0.001362921,-87.0
1495185309292,28486,28435,nan,nan,nan,8.290000000000001,0.10840642999999998,0.00150213,-86.0
1495185309304,28486,28457,nan,nan,nan,2.767,0.152772689,0.000690249,-79.0
1495185309326,333,2,0.147447719047,0.416500420392,-0.897098974451,6.2581094431000555,0.2559111026629098,0.08802947243615442,nan
1495185309327,333,3,-0.355386567171,0.760800100629,-0.543031854275,3.6571730318279623,0.08119333073735345,0.0069499632704173,nan
1495185309356,28486,28479,nan,nan,nan,4.7940000000000005,0.136489798,0.000988218,-85.0
1495185309369,28486,28459,nan,nan,nan,7.357,0.11590121899999999,0.001364979,-86.0
1495185309381,28486,28435,nan,nan,nan,8.36,0.10784411999999999,0.00151242,-87.0
1495185309394,28486,28457,nan,nan,nan,2.748,0.15292531599999998,0.000687456,-79.0
1495185309445,333,2,0.176565114918,0.467396634722,-0.866236195298,6.12060399602545,0.2558315189068988,0.0879689394009005,nan
1495185309445,333,3,-0.449160516619,0.665278408714,-0.596371921882,3.8384822131428957,0.08120956264653409,0.0069530365015556045,nan
1495185309444,28486,28479,nan,nan,nan,4.803,0.136417501,0.000989541,-85.0
1495185309457,28486,28459,nan,nan,nan,7.357,0.11590121899999999,0.001364979,-87.0
1495185309470,28486,28435,nan,nan,nan,8.290000000000001,0.10840642999999998,0.00150213,-87.0
1495185309482,28486,28457,nan,nan,nan,2.729,0.153077943,0.0006846630000000001,-79.0
1495185309526,333,2,0.0149491486689,0.553867013246,-0.832470933182,6.002443278151901,0.25493471174864685,0.0872883860038628,nan
1495185309527,333,3,-0.467119842246,0.682825374761,-0.561737092031,3.7216576568296214,0.08125017200561913,0.006960728441696658,nan
1495185309536,28486,28479,nan,nan,nan,4.78,0.13660225999999998,0.00098616,-85.0
1495185309548,28486,28459,nan,nan,nan,7.362,0.11586105399999999,0.001365714,-86.0
1495185309561,28486,28435,nan,nan,nan,8.313,0.10822167099999998,0.0015055110000000002,-85.0
1495185309574,28486,28457,nan,nan,nan,2.757,0.15285301899999998,0.000688779,-80.0
1495185309631,333,2,0.0603904539979,0.587586394632,-0.806904716747,5.8861608600934225,0.2555244464135568,0.08773558757158645,nan
1495185309631,333,3,-0.495530565115,0.693028824252,-0.523603387874,3.583296634852323,0.08103946401362795,0.006920868233050046,nan
1495185309624,28486,28479,nan,nan,nan,4.789,0.13652996299999998,0.000987483,-85.0
1495185309637,28486,28459,nan,nan,nan,7.338,0.11605384599999999,0.001362186,-87.0
1495185309650,28486,28435,nan,nan,nan,8.299,0.10833413299999999,0.001503453,-87.0
1495185309662,28486,28457,nan,nan,nan,2.72,0.15315024,0.0006833399999999999,-79.0
1495185309706,333,2,0.0142332983329,0.594375528188,-0.804061654794,5.8911697890204175,0.25652754483231993,0.08849912380184481,nan
1495185309706,333,3,-0.50498088234,0.632725480773,-0.587071353799,3.807577613083224,0.08131116540697997,0.006972290139119562,nan
1495185309714,28486,28479,nan,nan,nan,4.799,0.136449633,0.0009889529999999999,-85.0
1495185309726,28486,28459,nan,nan,nan,7.348,0.115973516,0.001363656,-87.0
1495185309739,28486,28435,nan,nan,nan,8.323,0.10814134099999999,0.0015069810000000001,-87.0
1495185309751,28486,28457,nan,nan,nan,2.696,0.153343032,0.000679812,-79.0
1495185309805,28486,28479,nan,nan,nan,4.832,0.136184544,0.000993804,-85.0
1495185309818,28486,28459,nan,nan,nan,7.3340000000000005,0.11608597799999998,0.0013615979999999999,-86.0
1495185309830,28486,28435,nan,nan,nan,8.370000000000001,0.10776378999999998,0.00151389,-87.0
1495185309834,333,2,0.28782095153,0.171303888449,-0.942238864441,6.4444335883766914,0.25656933998836123,0.08853101601476164,nan
1495185309834,333,3,-0.304726373044,0.806375237253,-0.506853839205,3.518612199693282,0.0813335535520337,0.0069765365957002255,nan
1495185309843,28486,28457,nan,nan,nan,2.781,0.15266022699999998,0.0006923070000000001,-80.0
1495185309893,28486,28479,nan,nan,nan,4.822,0.13626487399999998,0.000992334,-85.0
1495185309906,28486,28459,nan,nan,nan,7.367,0.11582088899999998,0.001366449,-86.0
1495185309919,28486,28435,nan,nan,nan,8.346,0.10795658199999998,0.001510362,-86.0
1495185309931,28486,28457,nan,nan,nan,2.725,0.15311007499999998,0.000684075,-79.0
1495185309937,333,2,-0.0622054499305,0.551188268229,-0.832058877103,6.027275163646972,0.2572159667619477,0.08902523331713327,nan
1495185309937,333,3,-0.496004566766,0.673052358664,-0.548616434537,3.6761807548783225,0.08117811945885403,0.006947083953627048,nan
1495185309985,28486,28479,nan,nan,nan,4.799,0.136449633,0.0009889529999999999,-85.0
1495185309998,28486,28459,nan,nan,nan,7.3340000000000005,0.11608597799999998,0.0013615979999999999,-86.0
1495185310010,28486,28435,nan,nan,nan,8.351,0.10791641699999999,0.0015110970000000003,-87.0
1495185310023,28486,28457,nan,nan,nan,2.781,0.15266022699999998,0.0006923070000000001,-79.0
1495185310041,333,2,-0.0258133205866,0.643869263153,-0.764699970215,5.717998968110822,0.2543966032652406,0.08688142519694589,nan
1495185310041,333,3,-0.40606161303,0.754506552175,-0.515590757432,3.5582055374897,0.08128980687286591,0.006968240293512526,nan
1495185310074,28486,28479,nan,nan,nan,4.813,0.13633717099999998,0.000991011,-85.0
1495185310086,28486,28459,nan,nan,nan,7.3100000000000005,0.11627876999999998,0.0013580699999999999,-86.0
1495185310099,28486,28435,nan,nan,nan,8.309000000000001,0.10825380299999998,0.001504923,-87.0
1495185310111,28486,28457,nan,nan,nan,2.72,0.15315024,0.0006833399999999999,-79.0
1495185310162,333,2,-0.0941372953144,0.564746792878,-0.819877569863,5.962713791870027,0.25480179161221145,0.08718776423495973,nan
1495185310162,333,3,-0.430347608994,0.735764171086,-0.522926400155,3.5761281956083595,0.0808499935558126,0.006885132644858713,nan
1495185310163,28486,28479,nan,nan,nan,4.808,0.136377336,0.000990276,-85.0
1495185310175,28486,28459,nan,nan,nan,7.357,0.11590121899999999,0.001364979,-87.0
1495185310188,28486,28435,nan,nan,nan,8.252,0.10871168399999998,0.0014965440000000003,-87.0
1495185310200,28486,28457,nan,nan,nan,2.762,0.152812854,0.000689514,-79.0
1495185310255,28486,28479,nan,nan,nan,4.771,0.13667455699999997,0.0009848370000000001,-85.0
1495185310267,28486,28459,nan,nan,nan,7.362,0.11586105399999999,0.001365714,-86.0
1495185310280,28486,28435,nan,nan,nan,8.309000000000001,0.10825380299999998,0.001504923,-87.0
1495185310284,333,2,0.00634446766265,0.526752463624,-0.849995052807,6.0737349243381455,0.25440107920975424,0.08688480596849191,nan
1495185310284,333,3,-0.482551065358,0.698086615799,-0.528979721883,3.611278641878773,0.08136715984757799,0.006982913506541776,nan
1495185310292,28486,28457,nan,nan,nan,2.7760000000000002,0.152700392,0.0006915720000000001,-79.0
1495185310343,28486,28479,nan,nan,nan,4.808,0.136377336,0.000990276,-85.0
1495185310355,28486,28459,nan,nan,nan,7.324,0.116166308,0.001360128,-86.0
1495185310368,28486,28435,nan,nan,nan,8.304,0.10829396799999999,0.001504188,-87.0
1495185310380,28486,28457,nan,nan,nan,2.767,0.152772689,0.000690249,-79.0
1495185310379,333,2,0.151945757462,0.428676180496,-0.890589253846,6.226476100879337,0.25539729251226534,0.08763905964967755,nan
1495185310379,333,3,-0.43413463697,0.724282906154,-0.535669103866,3.626696853008128,0.0811771055846804,0.006946892062360924,nan
1495185310434,28486,28479,nan,nan,nan,4.841,0.136112247,0.0009951270000000002,-85.0
1495185310447,28486,28459,nan,nan,nan,7.306,0.116310902,0.0013574820000000001,-86.0
1495185310459,28486,28435,nan,nan,nan,8.299,0.10833413299999999,0.001503453,-87.0
1495185310472,28486,28457,nan,nan,nan,2.739,0.15299761299999998,0.000686133,-79.0
1495185310508,333,2,-0.0549449782292,0.58821028091,-0.806839336423,5.916520020001879,0.25606859018011285,0.08814932790888282,nan
1495185310508,333,3,-0.434523830224,0.731715101677,-0.525149551028,3.587833497647176,0.08104552618273705,0.006922013278227591,nan
1495185310523,28486,28479,nan,nan,nan,4.832,0.136184544,0.000993804,-85.0
1495185310535,28486,28459,nan,nan,nan,7.352,0.11594138399999998,0.0013642440000000001,-85.0
1495185310548,28486,28435,nan,nan,nan,8.309000000000001,0.10825380299999998,0.001504923,-87.0
1495185310560,28486,28457,nan,nan,nan,2.748,0.15292531599999998,0.000687456,-79.0
1495185310583,333,2,0.197943428887,0.578008143138,-0.791659639888,5.770295162819401,0.2547156385892373,0.08712257956187648,nan
1495185310583,333,3,-0.374659526906,0.776881193478,-0.506049256613,3.5163019320411695,0.0812755743397829,0.006965542342651701,nan
1495185310612,28486,28479,nan,nan,nan,4.817,0.136305039,0.0009915990000000001,-85.0
1495185310624,28486,28459,nan,nan,nan,7.343,0.11601368099999998,0.001362921,-86.0
1495185310637,28486,28435,nan,nan,nan,8.323,0.10814134099999999,0.0015069810000000001,-87.0
1495185310650,28486,28457,nan,nan,nan,2.8000000000000003,0.1525076,0.0006951,-80.0
1495185310694,333,2,-0.0105244230299,0.590347584092,-0.807080520442,5.8874922932509515,0.2524035198769938,0.08538316605385023,nan
1495185310694,333,3,-0.364760079518,0.773204945599,-0.518752538781,3.564994186138299,0.0813590102120716,0.0069813667918468105,nan
1495185310704,28486,28479,nan,nan,nan,4.803,0.136417501,0.000989541,-85.0
1495185310716,28486,28459,nan,nan,nan,7.343,0.11601368099999998,0.001362921,-86.0
1495185310729,28486,28435,nan,nan,nan,8.313,0.10822167099999998,0.0015055110000000002,-85.0
1495185310741,28486,28457,nan,nan,nan,2.767,0.152772689,0.000690249,-79.0
1495185310792,28486,28479,nan,nan,nan,4.799,0.136449633,0.0009889529999999999,-85.0
1495185310804,28486,28459,nan,nan,nan,7.343,0.11601368099999998,0.001362921,-86.0
1495185310817,28486,28435,nan,nan,nan,8.332,0.10806904399999998,0.0015083040000000002,-87.0
1495185310830,28486,28457,nan,nan,nan,2.72,0.15315024,0.0006833399999999999,-80.0
1495185310834,333,2,-0.100351599711,0.450253457422,-0.887243698493,6.258843968682923,0.25912141230413377,0.09049033679587538,nan
1495185310834,333,3,-0.278079120844,0.816643367185,-0.505732748972,3.509747773225225,0.08129387426427098,0.006969011422503089,nan
1495185310881,28486,28479,nan,nan,nan,4.846,0.13607208199999998,0.0009958620000000001,-85.0
1495185310894,28486,28459,nan,nan,nan,7.362,0.11586105399999999,0.001365714,-86.0
1495185310906,28486,28435,nan,nan,nan,8.342,0.10798871399999999,0.0015097740000000002,-87.0
1495185310919,28486,28457,nan,nan,nan,2.79,0.15258792999999998,0.00069363,-80.0
1495185310926,333,2,0.167596206679,0.614411260192,-0.770980100169,5.6939381015149495,0.25817937009037345,0.08976435986001687,nan
1495185310926,333,3,-0.421446661552,0.711297219135,-0.562529090374,3.7259278062638117,0.08133049986733336,0.006975957306653021,nan
1495185310970,28486,28479,nan,nan,nan,4.7940000000000005,0.136489798,0.000988218,-85.0
1495185310983,28486,28459,nan,nan,nan,7.371,0.11578875699999999,0.0013670370000000002,-86.0
1495185310995,28486,28435,nan,nan,nan,8.323,0.10814134099999999,0.0015069810000000001,-87.0
1495185311008,28486,28457,nan,nan,nan,2.781,0.15266022699999998,0.0006923070000000001,-80.0
1495185311047,333,2,0.0516336300679,0.594682525315,-0.802300855248,5.862717167347252,0.25485386734549353,0.0872271784698207,nan
1495185311047,333,3,-0.417064365479,0.734646854435,-0.535118037742,3.6233217208827426,0.08102835249058019,0.006918769716445899,nan
1495185311059,28486,28479,nan,nan,nan,4.785,0.136562095,0.000986895,-85.0
1495185311072,28486,28459,nan,nan,nan,7.385,0.11567629499999998,0.0013690949999999999,-86.0
1495185311085,28486,28435,nan,nan,nan,8.342,0.10798871399999999,0.0015097740000000002,-87.0
1495185311097,28486,28457,nan,nan,nan,2.753,0.152885151,0.000688191,-79.0
1495185311149,28486,28479,nan,nan,nan,4.822,0.13626487399999998,0.000992334,-85.0
1495185311162,28486,28459,nan,nan,nan,7.348,0.115973516,0.001363656,-86.0
1495185311174,28486,28435,nan,nan,nan,8.327,0.10810920899999998,0.0015075689999999998,-87.0
1495185311174,333,2,0.18811310597,0.531560973333,-0.825867054066,5.934862441967099,0.25540360248105337,0.0876438484420138,nan
1495185311174,333,3,-0.41540727828,0.72374969521,-0.551020119265,3.6858876001336767,0.08119941691130186,0.006951115494921735,nan
1495185311187,28486,28457,nan,nan,nan,2.8040000000000003,0.15247546799999998,0.0006956880000000001,-79.0
1495185311238,28486,28479,nan,nan,nan,4.766,0.13671472199999998,0.000984102,-85.0
1495185311251,28486,28459,nan,nan,nan,7.376,0.11574859199999998,0.0013677720000000002,-86.0
1495185311263,28486,28435,nan,nan,nan,8.304,0.10829396799999999,0.001504188,-87.0
1495185311276,28486,28457,nan,nan,nan,2.739,0.15299761299999998,0.000686133,-80.0
1495185311283,333,2,0.0937817553932,0.621385640323,-0.777872012837,5.740867452788076,0.25525404019509407,0.08753038046876052,nan
1495185311283,333,3,-0.415697803905,0.737872216593,-0.531732947831,3.6103459280999046,0.08100109220714359,0.006913622830009621,nan
1495185311326,28486,28479,nan,nan,nan,4.817,0.136305039,0.0009915990000000001,-85.0
1495185311338,28486,28459,nan,nan,nan,7.385,0.11567629499999998,0.0013690949999999999,-86.0
1495185311351,28486,28435,nan,nan,nan,8.304,0.10829396799999999,0.001504188,-87.0
1495185311364,28486,28457,nan,nan,nan,2.767,0.152772689,0.000690249,-80.0
1495185311397,333,2,0.0442504060161,0.616825826967,-0.785854821678,5.792158833615549,0.254685138399466,0.08709950906089328,nan
1495185311397,333,3,-0.631527438184,0.501296635914,-0.591502136633,3.799666691988154,0.08077466432794493,0.00687095312506923,nan
1495185311415,28486,28479,nan,nan,nan,4.766,0.13671472199999998,0.000984102,-85.0
1495185311427,28486,28459,nan,nan,nan,7.376,0.11574859199999998,0.0013677720000000002,-86.0
1495185311440,28486,28435,nan,nan,nan,8.346,0.10795658199999998,0.001510362,-88.0
1495185311453,28486,28457,nan,nan,nan,2.739,0.15299761299999998,0.000686133,-79.0
1495185311503,28486,28479,nan,nan,nan,4.813,0.13633717099999998,0.000991011,-85.0
1495185311515,28486,28459,nan,nan,nan,7.343,0.11601368099999998,0.001362921,-87.0
1495185311528,28486,28435,nan,nan,nan,8.281,0.10847872699999998,0.0015008070000000003,-87.0
1495185311532,333,2,-0.0400137323986,0.682784336252,-0.729523441288,5.568150754562889,0.2550848431008082,0.08740211329076876,nan
1495185311532,333,3,-0.554629005622,0.614742441714,-0.560783734143,3.7201893542215623,0.08139161895562935,0.006987556713881866,nan
1495185311541,28486,28457,nan,nan,nan,2.757,0.15285301899999998,0.000688779,-80.0
1495185311592,28486,28479,nan,nan,nan,4.775,0.13664242499999998,0.000985425,-85.0
1495185311604,28486,28459,nan,nan,nan,7.357,0.11590121899999999,0.001364979,-86.0
1495185311617,28486,28435,nan,nan,nan,8.299,0.10833413299999999,0.001503453,-85.0
1495185311630,28486,28457,nan,nan,nan,2.7760000000000002,0.152700392,0.0006915720000000001,-79.0
1495185311664,333,2,0.15763896478,0.390297117371,-0.907093223961,6.295648095848458,0.2559572450771589,0.08806457974943059,nan
1495185311665,333,3,-0.47669664352,0.630744327955,-0.612308666286,3.8881889204553657,0.08124407790563322,0.006959573842857436,nan
1495185311681,28486,28479,nan,nan,nan,4.78,0.13660225999999998,0.00098616,-85.0
1495185311694,28486,28459,nan,nan,nan,7.338,0.11605384599999999,0.001362186,-86.0
1495185311706,28486,28435,nan,nan,nan,8.332,0.10806904399999998,0.0015083040000000002,-86.0
1495185311719,28486,28457,nan,nan,nan,2.753,0.152885151,0.000688191,-79.0
1495185311748,333,2,0.237605011242,0.442245082506,-0.864848625849,6.115022761814881,0.25669388810170113,0.08862609103397046,nan
1495185311748,333,3,-0.492658463187,0.689014194256,-0.531551576768,3.6134166389346536,0.08115278051532886,0.006942289039790221,nan
1495185311770,28486,28479,nan,nan,nan,4.803,0.136417501,0.000989541,-85.0
1495185311783,28486,28459,nan,nan,nan,7.362,0.11586105399999999,0.001365714,-86.0
1495185311795,28486,28435,nan,nan,nan,8.346,0.10795658199999998,0.001510362,-86.0
1495185311808,28486,28457,nan,nan,nan,2.79,0.15258792999999998,0.00069363,-79.0
1495185311861,333,2,-0.0993774757957,0.534113753158,-0.839551437371,6.050040367597021,0.2555100119791909,0.08772462685082939,nan
1495185311861,333,3,-0.386536791484,0.733833774983,-0.558638791639,3.7135864485667303,0.08129590811890991,0.006969397034663206,nan
1495185311859,28486,28479,nan,nan,nan,4.789,0.13652996299999998,0.000987483,-85.0
1495185311872,28486,28459,nan,nan,nan,7.352,0.11594138399999998,0.0013642440000000001,-86.0
1495185311885,28486,28435,nan,nan,nan,8.285,0.10844659499999999,0.001501395,-87.0
1495185311897,28486,28457,nan,nan,nan,2.753,0.152885151,0.000688191,-79.0
1495185311949,28486,28479,nan,nan,nan,4.789,0.13652996299999998,0.000987483,-85.0
1495185311961,28486,28459,nan,nan,nan,7.3950000000000005,0.11559596499999998,0.0013705650000000002,-86.0
1495185311974,28486,28435,nan,nan,nan,8.318,0.108181506,0.0015062459999999997,-87.0
1495185311986,28486,28457,nan,nan,nan,2.734,0.15303777799999999,0.000685398,-80.0
1495185312005,333,2,0.0521121374714,0.476726043825,-0.877505899848,6.185126217657805,0.2552882636910479,0.08755633760101096,nan
1495185312005,333,3,-0.516445151612,0.644589722599,-0.563727323177,3.7225671396272273,0.08104148463167835,0.006921249883415174,nan
1495185312038,28486,28479,nan,nan,nan,4.817,0.136305039,0.0009915990000000001,-85.0
1495185312051,28486,28459,nan,nan,nan,7.362,0.11586105399999999,0.001365714,-86.0
1495185312063,28486,28435,nan,nan,nan,8.337,0.108028879,0.0015090389999999998,-87.0
1495185312076,28486,28457,nan,nan,nan,2.781,0.15266022699999998,0.0006923070000000001,-79.0
1495185312081,333,2,-0.0766987975868,0.762669173299,-0.64222505911,5.161917936794497,0.25487631958102663,0.08724417476391326,nan
1495185312082,333,3,-0.525403711764,0.648352395211,-0.550990119049,3.6873231018231944,0.08137633021948032,0.006984654170668794,nan
1495185312127,28486,28479,nan,nan,nan,4.803,0.136417501,0.000989541,-85.0
1495185312140,28486,28459,nan,nan,nan,7.343,0.11601368099999998,0.001362921,-86.0
1495185312152,28486,28435,nan,nan,nan,8.327,0.10810920899999998,0.0015075689999999998,-87.0
1495185312165,28486,28457,nan,nan,nan,2.715,0.15319040499999997,0.000682605,-80.0
1495185312215,28486,28479,nan,nan,nan,4.799,0.136449633,0.0009889529999999999,-85.0
1495185312228,28486,28459,nan,nan,nan,7.371,0.11578875699999999,0.0013670370000000002,-86.0
1495185312238,333,2,0.10418504315,0.406140619858,-0.907852010895,6.29968188969191,0.25527295217797114,0.0875447239187478,nan
1495185312238,333,3,-0.527255226093,0.627711083642,-0.572696011886,3.756101157284194,0.08110822396972238,0.006933861958156914,nan
1495185312240,28486,28435,nan,nan,nan,8.323,0.10814134099999999,0.0015069810000000001,-87.0
1495185312253,28486,28457,nan,nan,nan,2.743,0.152965481,0.000686721,-79.0
1495185312304,28486,28479,nan,nan,nan,4.836,0.136152412,0.000994392,-85.0
1495185312317,28486,28459,nan,nan,nan,7.357,0.11590121899999999,0.001364979,-87.0
1495185312329,28486,28435,nan,nan,nan,8.299,0.10833413299999999,0.001503453,-87.0
1495185312342,28486,28457,nan,nan,nan,2.79,0.15258792999999998,0.00069363,-79.0
1495185312336,333,2,0.0374588156898,0.492247421356,-0.869648959808,6.168913185761087,0.2575156620902512,0.08925480193066086,nan
